"Enrichment FDR","nGenes","Pathway Genes","Fold Enrichment","Pathway","URL","Genes"
0.0174965526722214,24,35,1.95382191169912,"Axon extension involved in axon guidance "," http://amigo.geneontology.org/amigo/term/GO:0048846"," SEMA3G  SEMA3A  SEMA3C  SEMA5B  SEMA6A  SEMA4G  MEGF8  VEGFA  SEMA5A  WNT5A  NRP2  PLXNA3  SEMA6D  SEMA6C  SLIT2  RYK  SEMA4C  ALCAM  SEMA3E  SLIT3  SLIT1  SEMA4A  BMPR2  PLXNA4"
0.0174965526722214,24,35,1.95382191169912,"Neuron projection extension involved in neuron projection guidance "," http://amigo.geneontology.org/amigo/term/GO:1902284"," SEMA3G  SEMA3A  SEMA3C  SEMA5B  SEMA6A  SEMA4G  MEGF8  VEGFA  SEMA5A  WNT5A  NRP2  PLXNA3  SEMA6D  SEMA6C  SLIT2  RYK  SEMA4C  ALCAM  SEMA3E  SLIT3  SLIT1  SEMA4A  BMPR2  PLXNA4"
0.0174965526722214,28,43,1.85537352079955,"Negative chemotaxis "," http://amigo.geneontology.org/amigo/term/GO:0050919"," SEMA3G  NTN1  RHOA  SEMA3A  SEMA3C  SEMA5B  SEMA6A  SEMA4G  SEMA5A  WNT5A  NRP2  FLRT3  PLXNA3  EPHA7  SEMA6D  SEMA6C  SLIT2  RYK  SEMA4C  ROBO1  SEMA3E  UNC5C  SLIT3  ROBO2  SLIT1  SEMA4A  DPP4  PLXNA4"
0.0385712542648183,41,73,1.60030504753895,"Synaptic transmission, glutamatergic "," http://amigo.geneontology.org/amigo/term/GO:0035249"," ALS2  ATP1A2  SYT1  OPHN1  PSEN1  MEF2C  SLC17A7  NAPA  CACNG7  GRIK5  P2RX1  RAB3GAP1  SLC1A4  TNR  KMO  CNR1  NAPB  UNC13A  SERPINE2  ADCYAP1  EGFR  GRIK4  GRID2  DGKI  SHANK2  DISC1  GRIK3  GRM2  GRIK2  ROR2  CDH2  GRIK1  NRXN1  OXTR  EXT1  PRKN  LRRK2  RELN  NTRK1  SHANK3  ATAD1"
0.0192093622613245,52,95,1.55962977161948,"Collagen fibril organization "," http://amigo.geneontology.org/amigo/term/GO:0030199"," COL23A1  LAMA3  LAMC2  COL11A1  COL17A1  COL5A3  COL4A4  COL19A1  COL16A1  P3H2  COL9A3  TLL2  CHADL  COMP  PLOD3  TGFBR1  COL1A1  COL12A1  COL9A1  COL7A1  P4HA1  COL21A1  PXDN  COL4A2  EMILIN1  LOXL4  ADAMTS14  COL2A1  RB1  P3H4  FKBP10  COL6A2  ADAMTS3  COL26A1  DDR2  COL1A2  ATP7A  BMP1  COL3A1  COL22A1  CD151  PLEC  EXT1  COL14A1  COL4A5  LAMB3  COL13A1  COL4A6  COL15A1  COL11A2  SERPINF2  ADAMTS2"
0.011261007609984,67,126,1.51511652874816,"Import across plasma membrane "," http://amigo.geneontology.org/amigo/term/GO:0098739"," SLC7A2  ATP1A2  KCNH2  ATP2B4  SLC2A3  SLC12A2  SLC9A7  ABCC9  ATP12A  SLC46A1  SLC1A3  PSEN1  LRP2  SLC27A5  SLC15A1  SLC9A1  HCN2  SLC7A5  SLC39A14  SLC1A6  SLC1A5  ATP4A  SLC1A1  P2RX1  SLC9A3R1  FOLR1  TRPV4  SLC9A2  SLC1A4  SLC8A2  SLC36A1  SLC12A5  ATP1B2  ACE2  SLC27A1  TRPM4  GFAP  PER2  ATP1A4  CD36  SLC9A5  LRRC8A  SLC5A6  SLC39A8  SLC15A4  SLC7A1  SLC5A2  TRPM2  SLC47A1  SLC43A1  ACSL1  CACNA2D1  SLC6A1  ATP1A1  SLC15A2  WNK2  ARL6IP1  SLC36A4  SLC9A9  SLC8A1  WNK3  ACSL5  SLC22A4  SLC9A6  FAM155A  SLC12A8  SLC43A2"
0.0137427485243945,74,144,1.46423574979766,"Reg. of axonogenesis "," http://amigo.geneontology.org/amigo/term/GO:0050770"," CDKL3  CDKL5  SEMA3G  NTN1  DIP2B  RHOA  MAP3K13  SEMA3A  SEMA3C  PAK3  MAP2  PSEN1  SEMA5B  GSK3B  ARHGAP4  SEMA6A  SEMA4G  NIN  MEGF8  SRF  VEGFA  SEMA5A  WNT5A  PLXNA1  TRAK2  EPHA4  TNR  STK11  SPP1  BCL11A  PLXNA3  MAP1B  EPHB2  EPHA7  PLXNC1  DBNL  SKIL  KIAA0319  SEMA6D  SEMA6C  GOLGA4  SLIT2  TIAM2  NTRK2  LRRC4C  ZFYVE27  BRAF  ARHGAP35  BRSK1  DRAXIN  DISC1  RYK  PLXNB1  RET  SEMA4C  MAP2K1  ROBO1  SEMA3E  CDH2  MAP6  BRSK2  ANAPC2  PAK2  EPHB3  CNTN2  ROBO2  DCC  SEMA4A  KIF13B  PLXNB3  L1CAM  BMPR2  PLXNA4  TWF2"
0.0137427485243945,77,150,1.46265279223032,"Neuron projection extension "," http://amigo.geneontology.org/amigo/term/GO:1990138"," CDKL3  CDKL5  SEMA3G  CYFIP2  NTN1  DIP2B  SYT1  MAP3K13  SEMA3A  SEMA3C  MAP2  RIMS1  HSP90AA1  SEMA5B  GSK3B  ULK2  SLC23A2  ARHGAP4  MUL1  NRCAM  SEMA6A  SEMA4G  HSP90AB1  ABL1  SYT17  SPG11  MEGF8  CACNG7  WASF1  SRF  VEGFA  SEMA5A  WNT5A  PLXNA1  TTL  ITGA4  TNR  STK11  NRP2  BCL11A  CXCR4  CPNE5  FLRT3  UNC13A  PLXNA3  MAP1B  POSTN  DBNL  KIAA0319  SEMA6D  IQGAP1  SEMA6C  CPNE9  GOLGA4  SLIT2  ZFYVE27  DRAXIN  DISC1  CLASP2  RYK  SEMA4C  SIN3A  ALCAM  SEMA3E  RAPH1  ANAPC2  RIMS2  SLIT3  PRKN  SLIT1  SEMA4A  SLC9A6  L1CAM  BMPR2  PLXNA4  TWF2  SMURF1"
0.00965577078026345,86,168,1.45858232991428,"Import into cell "," http://amigo.geneontology.org/amigo/term/GO:0098657"," SLC7A2  LTF  ATP1A2  KCNH2  ATP2B4  SLC2A3  SLC12A2  SLC9A7  ABCC9  TSG101  ATP12A  SLC46A1  SLC1A3  PSEN1  LRP2  SLC27A5  SLC15A1  NOS1  SLC9A1  HCN2  SLC7A5  SLC39A14  SLC1A6  SLC1A5  ATP4A  SLC1A1  P2RX1  RPS6KB1  SLC6A4  FOLR1  SLC11A2  TRPV4  SLC38A1  ITGA4  SLC9A2  SLC1A4  PARK7  SLC8A2  SLC36A1  ACSL3  SLC12A5  ATP1B2  ACE2  SLC27A1  TRPM4  GFAP  SLC6A11  PER2  ATP1A4  CD36  SLC9A5  EPRS1  LRRC8A  SLC5A6  SLC39A8  SLC15A4  SLC7A1  SLC5A2  TRPM2  SLC47A1  SNCA  LRSAM1  SLC43A1  ACSL1  CACNA2D1  SLC6A1  SLC1A7  ATP1A1  SLC15A2  SLC29A4  WNK2  SLC27A4  RAB3B  ARL6IP1  SLC36A4  SLC9A9  SLC8A1  PRKN  WNK3  ACSL5  SLC22A4  SLC9A6  FAM155A  SLC12A8  SLC43A2  VPS28"
0.0393593876040021,70,140,1.42466181061394,"Sodium ion transmembrane transport "," http://amigo.geneontology.org/amigo/term/GO:0035725"," HECW1  CACNA1G  SCN4A  ATP1A2  ATP2B4  SLC12A2  SLC9A7  NEDD4  PTPN3  TRPM5  ATP12A  SLC4A4  SLC4A11  TESC  SLC8B1  NOS1  FXYD5  FXYD3  SLC9A1  HCN2  CACNA1I  NALCN  FGF14  SLC17A7  ATP4A  PKD2L1  SLC6A4  RANGRF  SLC9A3R1  ASIC1  FGF12  SLC9A2  SLC8A2  ATP1B2  TRPM4  SLC6A11  ATP1A4  SLC41A1  SLC9A5  SCN2A  HECW2  SLC5A2  TRPM2  STOM  GPD1L  SLC6A1  CNNM4  SCNN1D  ATP1A1  SLMAP  WNK2  NETO1  SCNN1G  KIF5B  NETO2  GLRX  SLC6A19  ANO6  SLC9A9  SLC8A1  SCN5A  SLC24A3  TPCN1  CHP1  SLC4A5  WNK3  SCN8A  SLC9A8  SLC9A6  HCN3"
0.00946322016417526,104,210,1.41109360289381,"Protein autophosphorylation "," http://amigo.geneontology.org/amigo/term/GO:0046777"," CDKL5  CLK1  MRE11  DAPK2  FLT4  EIF2AK2  CAMK2B  FGFR2  FGFR3  CAMK2A  EPHA8  STK10  MAP3K13  STK17B  GSK3B  ULK2  MAPKAPK5  IRAK3  TYRO3  MYO3A  JAK2  ABL1  PDGFB  PTK6  RASSF2  MYLK2  NBN  HTATIP2  MAK  PPP2R5D  VEGFA  ITK  RAD50  PDGFRB  PIKFYVE  STK16  EPHA4  STK11  TEK  TRIM24  PRKCG  KDR  CSNK1G2  STK26  PDGFRA  EPHA7  ACVR1B  TEC  RIPK1  PRKG2  MAP3K12  IGF1R  IQGAP1  PDPK1  MINK1  NLRP12  MAP3K21  PDGFC  EGFR  TAF1  NTRK2  TAOK2  UHMK1  CAMK4  PPP2R5E  TNIK  SMG1  KIT  DYRK1A  ACE  CALM3  FGFR4  DDR2  LMTK2  SYK  WNK2  MELK  GFRA2  PDGFD  ALK  INSR  EIF2AK3  MAP3K11  PEAK1  ERN1  CLK3  PAK2  FES  CSF1R  EPHB3  PRKX  BCR  CHP1  LRRK2  EPHB4  WNK3  DAPK1  ENPP1  NTRK1  MAP3K3  LYN  CLK2  DYRK1B  RIPK3"
0.0137427485243945,95,193,1.40251680837642,"Sodium ion transport "," http://amigo.geneontology.org/amigo/term/GO:0006814"," HECW1  CACNA1G  SCN4A  CNTN1  ATP1A2  PRSS8  PKP2  ATP2B4  SLC12A2  SLC9A7  NEDD4  PTPN3  TRPM5  ATP12A  SLC4A4  SLC4A11  TESC  SLC23A2  SLC8B1  NOS1  FXYD5  FXYD3  SLC9A1  HCN2  CACNA1I  NKAIN4  NALCN  FGF14  SLC38A7  SLC17A7  TGFB1  SLC5A5  ATP4A  PKD2L1  SLC6A4  RANGRF  SLC9A3R1  ASIC1  SLC38A1  FGF12  SLC9A2  ATP6V1B1  SLC5A9  SLC8A2  SLC10A7  ATP1B2  TRPM4  SLC6A11  ATP1A4  SLC41A1  SLC38A2  P2RX4  SLC9A5  SERPINE2  SCN2A  SLC5A6  HECW2  SLC38A4  SLC5A2  SLC13A5  TRPM2  KLHL3  STOM  SLC5A12  GPD1L  SLC6A1  CNNM4  SPTBN4  SCNN1D  ATP1A1  SLMAP  WNK2  NETO1  SCNN1G  KIF5B  NETO2  GLRX  SLC6A19  ANO6  SLC9A9  SLC8A1  SCN5A  SLC24A3  NKAIN3  TPCN1  CHP1  SLC38A3  SLC4A5  WNK3  SCN8A  SLC22A4  SLC22A5  SLC9A8  SLC9A6  HCN3"
0.0314908132676551,89,184,1.37820544722436,"Reg. of neurotransmitter levels "," http://amigo.geneontology.org/amigo/term/GO:0001505"," BAIAP3  SYN1  SYT7  ATP1A2  DTNBP1  SYT1  CAMK2A  SLC1A3  RIMS1  CHRNA3  PSEN1  MEF2C  CADPS2  GSK3B  ACHE  NOS1  SNPH  VPS18  SLC1A6  NAPA  GRIK5  STX1A  NCS1  P2RX1  SLC6A4  NRXN2  ASIC1  SLC38A1  OTOF  RAB3GAP1  STXBP3  PARK7  KMO  CNR1  PDZD11  DBH  NAPB  PRKCG  GAD1  SYT5  UNC13A  GFAP  PPT1  SLC6A11  PER2  DAGLA  AGTPBP1  GAD2  NAAA  PPFIA2  MCTP2  STXBP5L  SNCA  CPLX2  CASK  DOC2A  HNMT  SLC6A1  DGKI  BRAF  PPP1R9A  SYNJ1  SV2A  CALM3  BRSK1  SLC1A7  CADPS  STXBP5  DAGLB  SLC29A4  ADCY1  CACNB2  PRKCB  PRRT2  RAB3B  SYT9  RIMS2  PPFIA3  NRXN1  TH  SEPTIN5  PRKN  SYN3  PCLO  ERC2  LRRK2  GRIN3A  SLC44A4  PRIMA1"
0.0372737883728094,89,185,1.37075568805017,"Neurotransmitter transport "," http://amigo.geneontology.org/amigo/term/GO:0006836"," BAIAP3  SYN1  SYT7  ATP1A2  DTNBP1  SYT1  CAMK2A  SLC1A3  RIMS1  CHRNA3  PSEN1  MEF2C  CADPS2  GSK3B  NOS1  SNPH  VPS18  SLC17A7  SLC1A6  NAPA  GRIK5  STX1A  SLC1A1  NCS1  P2RX1  SLC6A4  NRXN2  ASIC1  SLC38A1  OTOF  RAB3GAP1  STXBP3  PARK7  KMO  CNR1  PDZD11  SV2C  NAPB  PRKCG  GAD1  SYT5  UNC13A  GFAP  PPT1  SLC6A11  PER2  DDC  SLC38A2  GLS2  GAD2  NAAA  PPFIA2  MCTP2  PPFIA4  STXBP5L  SNCA  CPLX2  CASK  DOC2A  SLC6A1  DGKI  BRAF  PPP1R9A  SYNJ1  SV2A  CALM3  BRSK1  SLC1A7  CADPS  STXBP5  SLC29A4  ADCY1  CACNB2  PRKCB  PRRT2  RAB3B  SYT9  RIMS2  PPFIA3  NRXN1  TH  SEPTIN5  PRKN  SV2B  SYN3  PCLO  ERC2  LRRK2  GRIN3A"
0.0357611509544084,92,192,1.36530090183836,"Developmental cell growth "," http://amigo.geneontology.org/amigo/term/GO:0048588"," CDKL3  CDKL5  SEMA3G  IGF1  CYFIP2  NTN1  DIP2B  SYT1  MAP3K13  SEMA3A  SEMA3C  SIRT6  MAP2  RIMS1  HSP90AA1  SEMA5B  GSK3B  ULK2  SLC23A2  ARHGAP4  MUL1  NRCAM  SEMA6A  HDAC6  SEMA4G  HSP90AB1  ABL1  NIN  SMAD7  SYT17  SPG11  MEGF8  CACNG7  COBL  WASF1  SRF  VEGFA  SEMA5A  WNT5A  PLXNA1  TTL  ITGA4  TNR  STK11  NRP2  SPP1  BCL11A  CXCR4  CPNE5  FLRT3  UNC13A  PLXNA3  MAP1B  POSTN  EPHA7  DBNL  KIAA0319  SEMA6D  IQGAP1  APP  SEMA6C  CPNE9  GOLGA4  SLIT2  AKAP6  ZFYVE27  G6PD  DRAXIN  DISC1  PDLIM5  CLASP2  RYK  SEMA4C  SIN3A  ALCAM  SEMA3E  RARG  RAPH1  ANAPC2  RIMS2  SLIT3  PRKN  PPARA  SLIT1  DCC  SEMA4A  SLC9A6  L1CAM  BMPR2  PLXNA4  TWF2  SMURF1"
0.0288578975507243,98,205,1.36211568234309,"Developmental growth involved in morphogenesis "," http://amigo.geneontology.org/amigo/term/GO:0060560"," CDKL3  CDKL5  SEMA3G  CYFIP2  NTN1  DIP2B  FGFR2  SYT1  MAP3K13  SEMA3A  SEMA3C  SIRT6  MAP2  RIMS1  HSP90AA1  SEMA5B  GSK3B  ULK2  SLC23A2  ARHGAP4  MUL1  NRCAM  SEMA6A  HDAC6  SEMA4G  HSP90AB1  ABL1  NIN  SYT17  SPG11  TGFB1  MEGF8  CACNG7  COBL  WASF1  PTK7  SRF  VEGFA  SEMA5A  FGF1  WNT5A  PLXNA1  TTL  ITGA4  TNR  STK11  NRP2  SPP1  BCL11A  RDH10  CXCR4  CPNE5  MED1  FLRT3  UNC13A  PLXNA3  MAP1B  POSTN  EPHA7  DBNL  KIAA0319  YAP1  SEMA6D  IQGAP1  NKD1  APP  SEMA6C  CPNE9  GOLGA4  SLIT2  NOTCH1  ZFYVE27  DRAXIN  DISC1  CLASP2  RYK  SEMA4C  SIN3A  ALCAM  SEMA3E  RARG  RAPH1  ANAPC2  RIMS2  EXT1  SLIT3  MED12  PRKN  SLIT1  DCC  SEMA4A  SLC9A6  L1CAM  BMPR2  PLXNA4  TWF2  LRP6  SMURF1"
0.00868003756931189,159,342,1.32468554320244,"Extracellular matrix organization "," http://amigo.geneontology.org/amigo/term/GO:0030198"," ITGAL  ITGA3  ITGA2B  TNFRSF1B  CDH1  ELN  COL23A1  LAMA3  LAMC2  COL11A1  COL17A1  TIE1  BCL3  FBLN1  ITGA8  COL5A3  COL4A4  COL19A1  COL16A1  MMP2  NID2  P3H2  LAMB1  COL9A3  TLL2  ABL1  PDGFB  CHADL  PAPLN  MMP9  FERMT1  CST3  TIMP1  MMP15  SMPD3  CRISPLD2  APLP1  TGFB1  ICAM5  COMP  HPN  ITGB8  PLOD3  TGFBR1  ECM2  RIC1  KAZALD1  COL1A1  VWF  COL12A1  COL9A1  LAMA4  SPARC  COL7A1  ITGA4  TNR  NID1  MFAP2  SPP1  SERAC1  P4HA1  MATN4  COL21A1  KDR  PXDN  LAMA5  GFAP  BCAN  POSTN  SPINK5  PDGFRA  COL4A2  CTSL  ADAM19  ITGA7  LCP1  ADAMTS7  CTSV  ITGA11  EMILIN1  LOXL4  ADAMTS14  SLC39A8  FBN2  COL2A1  RB1  FBLN5  FURIN  ADAMTS18  GFOD2  P3H4  FKBP10  COL6A2  APP  ADAMTS10  ITGA9  ADAMTS16  HAPLN1  SCUBE3  NOTCH1  ADAM12  ABI3BP  JAM2  MMP16  ADAMTS3  MMP14  MYO1E  CREB3L1  F11R  FGFR4  COL26A1  NPHS1  PDPN  VCAM1  DDR2  OLFML2B  CAPN2  CLASP2  ADAMTS9  MELTF  EGFLAM  KLKB1  COL1A2  ATP7A  FBN1  WDR72  MFAP4  SMAD3  BMP1  COL3A1  NPNT  COL22A1  ITGAM  HPSE2  ADAMTS20  DAG1  CD151  RIC8A  ADAMTSL1  PLEC  EXT1  THSD4  COL14A1  COL4A5  NTNG2  LAMB3  COL13A1  COL4A6  DPP4  ADAMTSL2  ERO1A  SMOC1  EGFL6  COL15A1  VIT  COL11A2  PECAM1  SERPINF2  ADAMTS2"
0.00868003756931189,159,343,1.32082348622517,"Extracellular structure organization "," http://amigo.geneontology.org/amigo/term/GO:0043062"," ITGAL  ITGA3  ITGA2B  TNFRSF1B  CDH1  ELN  COL23A1  LAMA3  LAMC2  COL11A1  COL17A1  TIE1  BCL3  FBLN1  ITGA8  COL5A3  COL4A4  COL19A1  COL16A1  MMP2  NID2  P3H2  LAMB1  COL9A3  TLL2  ABL1  PDGFB  CHADL  PAPLN  MMP9  FERMT1  CST3  TIMP1  MMP15  SMPD3  CRISPLD2  APLP1  TGFB1  ICAM5  COMP  HPN  ITGB8  PLOD3  TGFBR1  ECM2  RIC1  KAZALD1  COL1A1  VWF  COL12A1  COL9A1  LAMA4  SPARC  COL7A1  ITGA4  TNR  NID1  MFAP2  SPP1  SERAC1  P4HA1  MATN4  COL21A1  KDR  PXDN  LAMA5  GFAP  BCAN  POSTN  SPINK5  PDGFRA  COL4A2  CTSL  ADAM19  ITGA7  LCP1  ADAMTS7  CTSV  ITGA11  EMILIN1  LOXL4  ADAMTS14  SLC39A8  FBN2  COL2A1  RB1  FBLN5  FURIN  ADAMTS18  GFOD2  P3H4  FKBP10  COL6A2  APP  ADAMTS10  ITGA9  ADAMTS16  HAPLN1  SCUBE3  NOTCH1  ADAM12  ABI3BP  JAM2  MMP16  ADAMTS3  MMP14  MYO1E  CREB3L1  F11R  FGFR4  COL26A1  NPHS1  PDPN  VCAM1  DDR2  OLFML2B  CAPN2  CLASP2  ADAMTS9  MELTF  EGFLAM  KLKB1  COL1A2  ATP7A  FBN1  WDR72  MFAP4  SMAD3  BMP1  COL3A1  NPNT  COL22A1  ITGAM  HPSE2  ADAMTS20  DAG1  CD151  RIC8A  ADAMTSL1  PLEC  EXT1  THSD4  COL14A1  COL4A5  NTNG2  LAMB3  COL13A1  COL4A6  DPP4  ADAMTSL2  ERO1A  SMOC1  EGFL6  COL15A1  VIT  COL11A2  PECAM1  SERPINF2  ADAMTS2"
0.00868003756931189,159,343,1.32082348622517,"External encapsulating structure organization "," http://amigo.geneontology.org/amigo/term/GO:0045229"," ITGAL  ITGA3  ITGA2B  TNFRSF1B  CDH1  ELN  COL23A1  LAMA3  LAMC2  COL11A1  COL17A1  TIE1  BCL3  FBLN1  ITGA8  COL5A3  COL4A4  COL19A1  COL16A1  MMP2  NID2  P3H2  LAMB1  COL9A3  TLL2  ABL1  PDGFB  CHADL  PAPLN  MMP9  FERMT1  CST3  TIMP1  MMP15  SMPD3  CRISPLD2  APLP1  TGFB1  ICAM5  COMP  HPN  ITGB8  PLOD3  TGFBR1  ECM2  RIC1  KAZALD1  COL1A1  VWF  COL12A1  COL9A1  LAMA4  SPARC  COL7A1  ITGA4  TNR  NID1  MFAP2  SPP1  SERAC1  P4HA1  MATN4  COL21A1  KDR  PXDN  LAMA5  GFAP  BCAN  POSTN  SPINK5  PDGFRA  COL4A2  CTSL  ADAM19  ITGA7  LCP1  ADAMTS7  CTSV  ITGA11  EMILIN1  LOXL4  ADAMTS14  SLC39A8  FBN2  COL2A1  RB1  FBLN5  FURIN  ADAMTS18  GFOD2  P3H4  FKBP10  COL6A2  APP  ADAMTS10  ITGA9  ADAMTS16  HAPLN1  SCUBE3  NOTCH1  ADAM12  ABI3BP  JAM2  MMP16  ADAMTS3  MMP14  MYO1E  CREB3L1  F11R  FGFR4  COL26A1  NPHS1  PDPN  VCAM1  DDR2  OLFML2B  CAPN2  CLASP2  ADAMTS9  MELTF  EGFLAM  KLKB1  COL1A2  ATP7A  FBN1  WDR72  MFAP4  SMAD3  BMP1  COL3A1  NPNT  COL22A1  ITGAM  HPSE2  ADAMTS20  DAG1  CD151  RIC8A  ADAMTSL1  PLEC  EXT1  THSD4  COL14A1  COL4A5  NTNG2  LAMB3  COL13A1  COL4A6  DPP4  ADAMTSL2  ERO1A  SMOC1  EGFL6  COL15A1  VIT  COL11A2  PECAM1  SERPINF2  ADAMTS2"
0.00996934419215249,174,384,1.29109976586889,"Reg. of neuron projection development "," http://amigo.geneontology.org/amigo/term/GO:0010975"," HECW1  FKBP4  ARHGAP33  ITGA3  CDKL3  CDKL5  SEMA3G  CNTN1  HGF  VIM  GRN  CUL7  HSPA5  CAMK2B  DGKG  LTK  SEZ6  NTN1  DIP2B  RHOA  NEDD4  CRMP1  MAP3K13  SEMA3A  SEMA3C  PAK3  MAP2  CHRNA3  PSEN1  SEMA5B  GSK3B  LZTS3  ARHGAP4  SEMA6A  SEMA4G  EP300  NIN  PTK6  FBXO31  MEGF8  CRTC1  COBL  NCS1  SETX  GATA3  ABI3  EHD1  CAPRIN2  TRPV4  CUX2  FIG4  PTK7  SRF  TMEM30A  VEGFA  SEMA5A  DPYSL3  UBE3A  WNT5A  PLXNA1  GORASP1  TRAK2  EPHA4  MARK1  TNR  CDC20  STK11  CNR1  SPP1  BCL11A  PREX1  RAB17  EFNB2  ATP1B2  KIF1A  PLXNA3  GFAP  MAP1B  ATP8A2  EPHB2  ADGRB3  EPHA7  CAPRIN1  PLXNC1  DDX56  DBNL  SKIL  KIAA0319  SEMA6D  HECW2  PPFIA2  NTRK3  IQGAP1  KATNB1  ADCYAP1  SEMA6C  GOLGA4  PTPRG  SLIT2  FBXO38  TIAM2  NTRK2  LRRC4C  FEZ1  TBX6  GRID2  SPOCK1  TNIK  ZFYVE27  NPTN  LRP8  BRAF  PPP1R9A  ARHGAP35  BRSK1  DRAXIN  GFI1  DISC1  PDLIM5  RYK  PLXNB1  FAT3  FRMD7  TSC1  RET  NSMF  ULK4  SEMA4C  MAP2K1  ROR2  SDC2  ROBO1  SEMA3E  CDH2  ALK  MAP6  ENC1  KNDC1  MBOAT1  BRSK2  FBXW8  ANAPC2  GAK  PAK2  FES  EPHB3  KREMEN1  DENND5A  CNTN2  ROBO2  INPP5J  ROR1  DCC  LRRK2  RELN  SEMA4A  NTNG2  HDAC2  KIF13B  LPAR1  NTRK1  PLXNB3  OPA1  L1CAM  BMPR2  TENM3  PLXNA4  TWF2  SHANK3  LYN  SRCIN1  PRAG1  SCARF1  PTPRD"
0.0200938923277896,151,334,1.28816726588446,"Peptidyl-lysine modification "," http://amigo.geneontology.org/amigo/term/GO:0018205"," MSL3  JARID2  MED24  BRCA1  NUP160  ZZZ3  FOXP3  NNAT  KMT2C  NDC1  DIP2B  KDM4A  HDAC4  NUP133  ING3  NUP37  JADE1  PIAS2  SENP1  KAT6A  NCOA1  MECOM  SEH1L  NOS1  MUL1  CAPN3  HDAC6  AAAS  NUP188  SIRT1  SETD1A  TTLL12  EP300  DESI1  RPS6KA5  EYA1  DOT1L  PIAS4  TGFB1  STX1A  PLOD3  GATA3  KAT2A  EZH1  SUPT6H  NSD2  KMT5B  P3H3  BRD8  NUP155  KAT2B  KANSL3  KDM3A  ATF2  CHD5  PARK7  ASH1L  CTH  KMT2A  MYB  EEF2KMT  SENP5  BCL11A  METTL8  NCOA3  USP22  NUP153  UBA2  KDM4B  POR  HAT1  DOHH  GNL3L  TRPM4  DNMT1  NUP210  PRKAA1  USPL1  MEN1  CLOCK  TAF5L  EPC2  ARRB1  RTF1  GTF2B  LOXL4  SENP7  NUP54  NUP58  BRCA2  KANSL2  METTL21C  MYOCD  ESCO1  SMAD4  P3H4  FKBP10  SAE1  PRDM16  MTF2  ARNT  SMYD2  SNCA  TAF1  NSD3  TAF5  EEF1AKMT1  ATPSCKMT  BRPF1  PAXIP1  MCM3AP  DIP2A  CRTC2  TAF6L  RPS6KA4  GFI1  NUP35  YEATS2  WDR82  ATP7A  TAF10  KIAA1586  SETD5  TET2  MECP2  SIN3A  SETMAR  TADA3  HCFC1  RNF212  BCOR  SETD3  VPS33B  NELFA  MUC1  TET3  NOC2L  SUPT3H  HDAC2  PIWIL2  ZNF335  LDB1  CTR9  SMC5  EEF1AKMT2  ATAT1  EHMT2  KMT2B  POM121C  SMARCB1  TADA2A"
0.0357052317035284,158,356,1.2645874498708,"Modulation of chemical synaptic transmission "," http://amigo.geneontology.org/amigo/term/GO:0050804"," BAIAP3  SYN1  NISCH  SYT7  ATP1A2  NCDN  CDH1  DTNBP1  RASGRF1  CAMK2B  SLC12A2  SYT1  CAMK2A  SLC1A3  OPHN1  RIMS1  SCTR  CHRNA3  PSEN1  MEF2C  GSK3B  ERC1  SSH1  MTMR2  ACHE  JPH4  ITPR3  JAK2  ABL1  LGMN  ZMYND8  CELF4  FGF14  VPS18  CACNG7  CRTC1  GRIK5  STX1A  SLC1A1  DNM1  NCS1  P2RX1  SLC6A4  KAT2A  USP46  NMU  P2RX3  ASIC1  CUX2  SRF  RASGRF2  RAB3GAP1  EPHA4  TNR  DLGAP3  KMO  CDC20  SLC8A2  CREB1  CNR1  PCDH17  STAU1  PRKCG  UNC13A  GFAP  MAP1B  EPHB2  SERPINE2  PPFIA2  MCTP2  CDH11  ADCYAP1  CACNA1A  SH3GL1  APP  CNTN4  STXBP5L  SNCA  PLK2  CPLX2  EGFR  NLGN4X  CASK  NTRK2  CACNA1B  LRRC4C  GRIK4  TMEM25  EIF4E  GRID2  NRGN  NPTN  SLC6A1  LRP8  KIT  DGKI  BRAF  CLSTN2  PPP1R9A  CALM3  BRSK1  SHANK2  NCSTN  DISC1  ABHD6  GRIK3  GRM2  GRIK2  STXBP5  ADCY1  NSMF  RAPSN  CACNB2  NETO1  PRKCB  MAP1A  PRRT2  STAT3  MECP2  ROR2  CDH2  DLGAP1  KIF5B  GRIK1  KCTD13  ANAPC2  RIMS2  GRIN1  PPFIA3  NRXN1  OXTR  ADGRB1  BEGAIN  GRIN2A  BTBD9  CNTN2  SEPTIN5  SORCS2  PRKN  SYN3  BCR  DCC  ERC2  LRRK2  RELN  NTNG2  MME  NTRK1  GRIN3A  GRID2IP  PPP3R1  SHISA9  SHANK3  GRIN2B  CALB2  ATAD1  NFATC4  CLSTN3"
0.00868003756931189,229,516,1.26452540554493,"Cell morphogenesis involved in neuron differentiation "," http://amigo.geneontology.org/amigo/term/GO:0048667"," HECW1  ALS2  ARHGAP33  ETV1  CDKL3  PAX6  CDKL5  SEMA3G  SPAST  CUL7  PREX2  DTNBP1  PIK3CB  LAMA3  LAMC2  CAMK2B  NTN1  PRKCQ  DIP2B  FGFR2  RHOA  NEDD4  SPTB  EPHA8  CRMP1  MAP3K13  GLI2  NOTCH3  SEMA3A  SEMA3C  USP33  PAK3  MAP2  SLC1A3  OPHN1  CHRNA3  PSEN1  HSP90AA1  MEF2C  SEMA5B  GSK3B  ULK2  IGSF9  LZTS3  ARHGAP4  NRCAM  SEMA6A  HDAC6  WHRN  SEMA4G  HSP90AB1  ABL1  NIN  RPS6KA5  FBXO31  SPG11  FZD3  MEGF8  GRB10  COBL  PTPRZ1  WASL  GLI3  GATA3  ABI3  SLC9A3R1  CAPRIN2  SLC11A2  CUX2  PTK7  SRF  VEGFA  SEMA5A  UNC5A  UBE3A  WNT5A  HES1  PLXNA1  GORASP1  TTL  ITGA4  SOS1  TRAK2  EPHA4  TNR  DOCK7  STK11  NRP2  CREB1  KLF7  SPP1  ABITRAM  BCL11A  LHX4  PIK3CA  CXCR4  EFNB2  FLRT3  KIF1A  ZSWIM6  LAMA5  PLXNA3  MAP1B  UNK  ATP8A2  EPHB2  CHL1  NOTCH2  ADGRB3  EPHA7  CAPRIN1  PLXNC1  DBNL  SKIL  KIAA0319  SEMA6D  SPTBN5  HECW2  PPFIA2  RB1  CDH11  MINK1  SMAD4  GRB7  APP  EPHA2  CELSR2  SEMA6C  WDPCP  CNTN4  GOLGA4  SLIT2  PIK3R1  TIAM2  NTRK2  SHC3  NOTCH1  CDHR1  LRRC4C  FEZ1  TAOK2  GFRA1  NR4A2  ROBO4  UCHL1  TNIK  ZFYVE27  KIF5A  NPTN  UNC5D  LRP8  BRAF  PPP1R9A  IGF2BP1  ARHGAP35  DIP2A  SPTBN4  BRSK1  SHANK2  DRAXIN  DISC1  PDLIM5  CCDC141  NFASC  CLASP2  RYK  PLXNB1  LMTK2  ADCY1  RET  NSMF  FRS2  PRTG  MAP1A  GFRA2  SEMA4C  MAP2K1  SIN3A  SDC2  ROBO1  CTNND2  ALCAM  SEMA3E  CDH2  KIF5B  FEZ2  MAP6  BCL2  KNDC1  RAPH1  DAG1  BRSK2  FBXW8  ANAPC2  ADAMTSL1  NRXN1  PAK2  ADGRB1  UNC5C  EXT1  CSF1R  EPHB3  CNTN2  SLIT3  ROBO2  SLIT1  DCC  LRRK2  RELN  SEMA4A  NTNG2  EPHB4  ADARB1  KIF13B  NTRK1  SLC9A6  PLXNB3  OPA1  L1CAM  BMPR2  PLXNA4  EFNA4  TWF2  SHANK3  SRCIN1  PLA2G10  PTPRD  LLGL1  ZSWIM4"
0.0385712542648183,158,357,1.26104518810646,"Reg. of trans-synaptic signaling "," http://amigo.geneontology.org/amigo/term/GO:0099177"," BAIAP3  SYN1  NISCH  SYT7  ATP1A2  NCDN  CDH1  DTNBP1  RASGRF1  CAMK2B  SLC12A2  SYT1  CAMK2A  SLC1A3  OPHN1  RIMS1  SCTR  CHRNA3  PSEN1  MEF2C  GSK3B  ERC1  SSH1  MTMR2  ACHE  JPH4  ITPR3  JAK2  ABL1  LGMN  ZMYND8  CELF4  FGF14  VPS18  CACNG7  CRTC1  GRIK5  STX1A  SLC1A1  DNM1  NCS1  P2RX1  SLC6A4  KAT2A  USP46  NMU  P2RX3  ASIC1  CUX2  SRF  RASGRF2  RAB3GAP1  EPHA4  TNR  DLGAP3  KMO  CDC20  SLC8A2  CREB1  CNR1  PCDH17  STAU1  PRKCG  UNC13A  GFAP  MAP1B  EPHB2  SERPINE2  PPFIA2  MCTP2  CDH11  ADCYAP1  CACNA1A  SH3GL1  APP  CNTN4  STXBP5L  SNCA  PLK2  CPLX2  EGFR  NLGN4X  CASK  NTRK2  CACNA1B  LRRC4C  GRIK4  TMEM25  EIF4E  GRID2  NRGN  NPTN  SLC6A1  LRP8  KIT  DGKI  BRAF  CLSTN2  PPP1R9A  CALM3  BRSK1  SHANK2  NCSTN  DISC1  ABHD6  GRIK3  GRM2  GRIK2  STXBP5  ADCY1  NSMF  RAPSN  CACNB2  NETO1  PRKCB  MAP1A  PRRT2  STAT3  MECP2  ROR2  CDH2  DLGAP1  KIF5B  GRIK1  KCTD13  ANAPC2  RIMS2  GRIN1  PPFIA3  NRXN1  OXTR  ADGRB1  BEGAIN  GRIN2A  BTBD9  CNTN2  SEPTIN5  SORCS2  PRKN  SYN3  BCR  DCC  ERC2  LRRK2  RELN  NTNG2  MME  NTRK1  GRIN3A  GRID2IP  PPP3R1  SHISA9  SHANK3  GRIN2B  CALB2  ATAD1  NFATC4  CLSTN3"
0.00996934419215249,242,555,1.24240777718405,"Trans-synaptic signaling "," http://amigo.geneontology.org/amigo/term/GO:0099537"," ALS2  CAMKK1  CACNA1G  BAIAP3  SYN1  NISCH  SYT7  ATP1A2  NCDN  CDH1  DTNBP1  RASGRF1  CAMK2B  GUCY1B1  SEZ6  SLC12A2  CACNB1  SYT1  CAMK2A  SLC1A3  OPHN1  RIMS1  SCTR  CHRNA3  PSEN1  MEF2C  CADPS2  GSK3B  ERC1  SSH1  MTMR2  ACHE  NOS1  JPH4  ITPR3  JAK2  ABL1  P2RX6  LGMN  ZMYND8  SNPH  MYLK2  CELF4  GABRE  FGF14  SPG11  VPS18  PLAT  SLC17A7  SLC1A6  NAPA  CACNG7  KCNN1  CRTC1  GRIK5  STX1A  SLC1A1  DNM1  NCS1  P2RX1  CHRNE  SLC6A4  KAT2A  USP46  NMU  P2RX3  NRXN2  ASIC1  CUX2  SRF  RASGRF2  FGF12  PRKAR2A  OTOF  RAB3GAP1  SLC1A4  EPHA4  TNR  STXBP3  PARK7  KCNC4  DLGAP3  KMO  CDC20  SLC8A2  CREB1  CNR1  PCDH17  KCNIP2  PDZD11  CEP89  HCRTR1  SV2C  DBH  PLP1  SLC12A5  STAU1  NAPB  PRKCG  GAD1  TMOD2  SYT5  UNC13A  GFAP  PPT1  EXOC4  MAP1B  CHRM3  EPHB2  DAGLA  P2RX4  CHRND  SERPINE2  MYCBPAP  GAD2  GABBR2  FCHSD2  NAAA  PPFIA2  NOVA1  MCTP2  CDH11  ADCYAP1  MINK1  CACNA1A  SH3GL1  APP  CNTN4  STXBP5L  SNCA  PLK2  CPLX2  EGFR  NLGN4X  CASK  NTRK2  CACNA1B  LRRC4C  GRIK4  TMEM25  DOC2A  DLG2  EIF4E  GRID2  CAMK4  GRIA4  NRGN  KIF5A  NPTN  SLC6A1  LRP8  KIT  DGKI  BRAF  CLSTN2  PPP1R9A  SYNJ1  SV2A  CALM3  BRSK1  SHANK2  NCSTN  DISC1  CADPS  ABHD6  GRIK3  BSN  GRM2  GRIK2  STXBP5  DAGLB  ADCY1  NSMF  RAPSN  CACNB2  GABRB3  NETO1  PRKCB  MAP1A  PRRT2  STAT3  MECP2  ROR2  RAB3B  RAC3  CDH2  DLGAP1  SYT9  KIF5B  GRIK1  DAG1  KCTD13  ANAPC2  RIMS2  GRIN1  RPS6KA3  PPFIA3  NRXN1  TH  OXTR  ADGRB1  EXT1  CACNB4  BEGAIN  GRIN2A  BTBD9  CNTN2  SEPTIN5  SORCS2  PRKN  SV2B  SYN3  PCLO  BCR  ZACN  DCC  ERC2  LRRK2  RELN  IL1RAP  NTNG2  MME  CHRNG  ADARB1  FCHSD1  CACNA1E  NTRK1  GRIN3A  GRID2IP  PPP3R1  SHISA9  SHANK3  DOC2B  GRIN2B  LRP6  DLGAP2  CALB2  PTPRD  ATAD1  PRKAR2B  NFATC4  CLSTN3"
0.00868003756931189,277,637,1.23903083686048,"Cell morphogenesis involved in differentiation "," http://amigo.geneontology.org/amigo/term/GO:0000904"," HECW1  ALS2  ARHGAP33  ETV1  CDKL3  PAX6  CDKL5  SEMA3G  SPAST  USH2A  CUL7  PREX2  DTNBP1  PIK3CB  LAMA3  LAMC2  CAMK2B  NTN1  PRKCQ  DIP2B  FGFR2  RHOA  NEDD4  SPTB  EPHA8  WDR1  CRMP1  MAP3K13  GLI2  NOTCH3  SEMA3A  SEMA3C  USP33  PAK3  FBLN1  ITGA8  MAP2  SLC1A3  OPHN1  CARMIL1  CHRNA3  PSEN1  HSP90AA1  MEF2C  SEMA5B  GSK3B  ULK2  GRHL2  IGSF9  CASS4  ATRN  LZTS3  ARHGAP4  NRCAM  LAMB1  SEMA6A  TYRO3  UNC13D  HDAC6  WHRN  SEMA4G  HSP90AB1  ABL1  MYH9  EP300  NIN  RPS6KA5  FBXO31  SPG11  FZD3  MEGF8  SIPA1L3  MET  GRB10  COBL  PTPRZ1  WASL  PLOD3  GLI3  MEGF9  GATA3  ATRNL1  ABI3  SLC9A3R1  CAPRIN2  SLC11A2  CUX2  PTK7  SRF  VEGFA  SEMA5A  UNC5A  UBE3A  WNT5A  HES1  PLXNA1  GORASP1  TTL  ITGA4  SOS1  TRAK2  EPHA4  TNR  DOCK7  STK11  KIF14  NRP2  CREB1  KLF7  SPP1  ABITRAM  BCL11A  TEK  LHX4  PIK3CA  CXCR4  PREX1  RREB1  EFNB2  FLRT3  TBC1D20  KIF1A  ZSWIM6  LAMA5  PLXNA3  LATS1  MAP1B  UNK  CASP9  ATP8A2  POSTN  EPHB2  CHL1  NOTCH2  ADGRB3  EPHA7  CAPRIN1  PLXNC1  DBNL  SKIL  KIAA0319  SEMA6D  SPTBN5  HECW2  PPFIA2  RB1  VPS33A  CDH11  MINK1  SMAD4  GRB7  APP  EPHA2  CELSR2  SEMA6C  WDPCP  CNTN4  GOLGA4  SLIT2  PIK3R1  TIAM2  DOCK5  NTRK2  SHC3  NOTCH1  CDHR1  LRRC4C  ST14  FEZ1  TAOK2  DOCK1  GFRA1  MERTK  NR4A2  ROBO4  UCHL1  TNIK  ZFYVE27  KIF5A  NPTN  UNC5D  LRP8  BRAF  RADIL  PPP1R9A  IGF2BP1  ARHGAP35  DIP2A  SPTBN4  BRSK1  SHANK2  DRAXIN  PDPN  DISC1  PDLIM5  CCDC141  NFASC  CLASP2  RYK  MELTF  PLXNB1  CASP3  DACT2  LMTK2  ADCY1  FAT3  RET  NSMF  FRS2  PRTG  MAP1A  AXL  GFRA2  SEMA4C  MAP2K1  SIN3A  ARL13B  COL22A1  SDC2  RAC3  ROBO1  CTNND2  ALCAM  SEMA3E  CDH2  KIF5B  FEZ2  MAP6  BCL2  KNDC1  RAPH1  DAG1  PEAK1  HEG1  BRSK2  FBXW8  ANAPC2  ADAMTSL1  MYADM  NRXN1  PAK2  ADGRB1  UNC5C  EXT1  CSF1R  EPHB3  CNTN2  SLIT3  ROBO2  SLIT1  DCC  LRRK2  RELN  SEMA4A  NTNG2  EPHB4  LAMB3  ADARB1  PARVA  KIF13B  NTRK1  YTHDF2  SLC9A6  PLXNB3  OPA1  L1CAM  BMPR2  COL15A1  PLXNA4  EFNA4  TWF2  SHANK3  SRCIN1  PLA2G10  PTPRD  LLGL1  ZSWIM4"
0.00965577078026345,254,585,1.23714222186647,"Plasma membrane bounded cell projection morphogenesis "," http://amigo.geneontology.org/amigo/term/GO:0120039"," HECW1  ALS2  ARHGAP33  DVL2  ETV1  CDKL3  PAX6  CDKL5  SEMA3G  SPAST  SNX1  MYO16  CUL7  PREX2  DTNBP1  PIK3CB  LAMA3  CYFIP2  LAMC2  CAMK2B  NTN1  PRKCQ  DIP2B  FGFR2  MYO9A  RHOA  SYT1  ROCK1  NEDD4  SPTB  EPHA8  CRMP1  MAP3K13  GLI2  NOTCH3  SEMA3A  SEMA3C  USP33  PAK3  MAP2  OPHN1  RIMS1  CHRNA3  PSEN1  HSP90AA1  LRP2  SEMA5B  GSK3B  ULK2  IGSF9  LZTS3  SLC23A2  ARHGAP4  MUL1  NRCAM  SEMA6A  HDAC6  SEMA4G  HSP90AB1  ABL1  NIN  RPS6KA5  FBXO31  SYT17  SPG11  FZD3  MEGF8  CACNG7  GRB10  COBL  PTPRZ1  WASL  GLI3  GATA3  ABI3  CAPRIN2  SLC11A2  CUX2  WASF1  PTK7  SRF  VEGFA  SEMA5A  UNC5A  UBE3A  WNT5A  PLXNA1  GORASP1  TTL  ITGA4  SOS1  TRAK2  EPHA4  TNR  DOCK7  STK11  NRP2  CREB1  KLF7  SPP1  ABITRAM  BCL11A  LHX4  PIK3CA  CXCR4  NCKAP1L  CPNE5  RREB1  EFNB2  FLRT3  KIF1A  ZSWIM6  UNC13A  LAMA5  PLXNA3  MAP1B  ATP8A2  POSTN  EPHB2  CHL1  NOTCH2  ADGRB3  EPHA7  CAPRIN1  PLXNC1  DBNL  SKIL  ENPP2  KIAA0319  SEMA6D  SPTBN5  KIF20B  HECW2  PPFIA2  IQGAP1  CDH11  MINK1  SMAD4  GRB7  APP  EPHA2  CELSR2  SEMA6C  CPNE9  CNTN4  GOLGA4  SLIT2  PIK3R1  TIAM2  EGFR  NTRK2  SHC3  NOTCH1  LRRC4C  FEZ1  KIRREL3  TAOK2  DPYSL4  GFRA1  NR4A2  ROBO4  UCHL1  TNIK  ZFYVE27  KIF5A  NPTN  UNC5D  LRP8  BRAF  PPP1R9A  IGF2BP1  ARHGAP35  DIP2A  SPTBN4  BRSK1  SHANK2  DRAXIN  PDPN  DISC1  PDLIM5  CCDC141  NFASC  CLASP2  RYK  PLXNB1  LMTK2  ADCY1  ATP7A  RET  NSMF  FRS2  PRTG  MAP1A  GFRA2  SEMA4C  MAP2K1  SIN3A  SDC2  ROBO1  CTNND2  ALCAM  SEMA3E  CDH2  KIF5B  FEZ2  MAP6  BCL2  KNDC1  RAPH1  DAG1  BRSK2  FBXW8  ANAPC2  RIMS2  ADAMTSL1  NRXN1  PAK2  ADGRB1  UNC5C  EXT1  CSF1R  EPHB3  CNTN2  SLIT3  ROBO2  PRKN  SLIT1  DCC  LRRK2  RELN  SEMA4A  NTNG2  EPHB4  ADARB1  KIF13B  ZNF335  NTRK1  SLC9A6  PLXNB3  OPA1  L1CAM  BMPR2  SNX2  PLXNA4  EFNA4  TWF2  SHANK3  SRCIN1  PLA2G10  CNTNAP2  PTPRD  SMURF1  LLGL1  ZSWIM4"
0.0493606366224825,178,410,1.23702342580138,"Axonogenesis "," http://amigo.geneontology.org/amigo/term/GO:0007409"," ALS2  ETV1  CDKL3  PAX6  CDKL5  SEMA3G  SPAST  PIK3CB  LAMA3  LAMC2  NTN1  PRKCQ  DIP2B  FGFR2  RHOA  SPTB  EPHA8  CRMP1  MAP3K13  GLI2  NOTCH3  SEMA3A  SEMA3C  USP33  PAK3  MAP2  OPHN1  PSEN1  HSP90AA1  SEMA5B  GSK3B  ULK2  IGSF9  ARHGAP4  NRCAM  SEMA6A  HDAC6  SEMA4G  HSP90AB1  ABL1  NIN  RPS6KA5  SPG11  FZD3  MEGF8  GRB10  COBL  PTPRZ1  GLI3  GATA3  PTK7  SRF  VEGFA  SEMA5A  UNC5A  WNT5A  PLXNA1  TTL  ITGA4  SOS1  TRAK2  EPHA4  TNR  DOCK7  STK11  NRP2  CREB1  KLF7  SPP1  BCL11A  LHX4  PIK3CA  CXCR4  EFNB2  FLRT3  ZSWIM6  LAMA5  PLXNA3  MAP1B  ATP8A2  EPHB2  CHL1  NOTCH2  EPHA7  PLXNC1  DBNL  SKIL  KIAA0319  SEMA6D  SPTBN5  CDH11  SMAD4  GRB7  APP  EPHA2  SEMA6C  CNTN4  GOLGA4  SLIT2  PIK3R1  TIAM2  NTRK2  SHC3  NOTCH1  LRRC4C  FEZ1  TAOK2  GFRA1  NR4A2  ROBO4  UCHL1  ZFYVE27  KIF5A  NPTN  UNC5D  BRAF  ARHGAP35  SPTBN4  BRSK1  DRAXIN  DISC1  CCDC141  NFASC  CLASP2  RYK  PLXNB1  LMTK2  ADCY1  RET  FRS2  PRTG  MAP1A  GFRA2  SEMA4C  MAP2K1  SIN3A  ROBO1  ALCAM  SEMA3E  CDH2  KIF5B  FEZ2  MAP6  BCL2  RAPH1  DAG1  BRSK2  ANAPC2  ADAMTSL1  NRXN1  PAK2  ADGRB1  UNC5C  EXT1  CSF1R  EPHB3  CNTN2  SLIT3  ROBO2  SLIT1  DCC  RELN  SEMA4A  NTNG2  EPHB4  ADARB1  KIF13B  NTRK1  SLC9A6  PLXNB3  L1CAM  BMPR2  PLXNA4  EFNA4  TWF2  PLA2G10  LLGL1  ZSWIM4"
0.00996934419215249,249,574,1.23603063011454,"Neuron projection morphogenesis "," http://amigo.geneontology.org/amigo/term/GO:0048812"," HECW1  ALS2  ARHGAP33  DVL2  ETV1  CDKL3  PAX6  CDKL5  SEMA3G  SPAST  MYO16  CUL7  PREX2  DTNBP1  PIK3CB  LAMA3  CYFIP2  LAMC2  CAMK2B  NTN1  PRKCQ  DIP2B  FGFR2  MYO9A  RHOA  SYT1  ROCK1  NEDD4  SPTB  EPHA8  CRMP1  MAP3K13  GLI2  NOTCH3  SEMA3A  SEMA3C  USP33  PAK3  MAP2  OPHN1  RIMS1  CHRNA3  PSEN1  HSP90AA1  LRP2  SEMA5B  GSK3B  ULK2  IGSF9  LZTS3  SLC23A2  ARHGAP4  MUL1  NRCAM  SEMA6A  HDAC6  SEMA4G  HSP90AB1  ABL1  NIN  RPS6KA5  FBXO31  SYT17  SPG11  FZD3  MEGF8  CACNG7  GRB10  COBL  PTPRZ1  WASL  GLI3  GATA3  ABI3  CAPRIN2  SLC11A2  CUX2  WASF1  PTK7  SRF  VEGFA  SEMA5A  UNC5A  UBE3A  WNT5A  PLXNA1  GORASP1  TTL  ITGA4  SOS1  TRAK2  EPHA4  TNR  DOCK7  STK11  NRP2  CREB1  KLF7  SPP1  ABITRAM  BCL11A  LHX4  PIK3CA  CXCR4  NCKAP1L  CPNE5  EFNB2  FLRT3  KIF1A  ZSWIM6  UNC13A  LAMA5  PLXNA3  MAP1B  ATP8A2  POSTN  EPHB2  CHL1  NOTCH2  ADGRB3  EPHA7  CAPRIN1  PLXNC1  DBNL  SKIL  KIAA0319  SEMA6D  SPTBN5  KIF20B  HECW2  PPFIA2  IQGAP1  CDH11  MINK1  SMAD4  GRB7  APP  EPHA2  CELSR2  SEMA6C  CPNE9  CNTN4  GOLGA4  SLIT2  PIK3R1  TIAM2  EGFR  NTRK2  SHC3  NOTCH1  LRRC4C  FEZ1  KIRREL3  TAOK2  DPYSL4  GFRA1  NR4A2  ROBO4  UCHL1  TNIK  ZFYVE27  KIF5A  NPTN  UNC5D  LRP8  BRAF  PPP1R9A  IGF2BP1  ARHGAP35  DIP2A  SPTBN4  BRSK1  SHANK2  DRAXIN  DISC1  PDLIM5  CCDC141  NFASC  CLASP2  RYK  PLXNB1  LMTK2  ADCY1  ATP7A  RET  NSMF  FRS2  PRTG  MAP1A  GFRA2  SEMA4C  MAP2K1  SIN3A  SDC2  ROBO1  CTNND2  ALCAM  SEMA3E  CDH2  KIF5B  FEZ2  MAP6  BCL2  KNDC1  RAPH1  DAG1  BRSK2  FBXW8  ANAPC2  RIMS2  ADAMTSL1  NRXN1  PAK2  ADGRB1  UNC5C  EXT1  CSF1R  EPHB3  CNTN2  SLIT3  ROBO2  PRKN  SLIT1  DCC  LRRK2  RELN  SEMA4A  NTNG2  EPHB4  ADARB1  KIF13B  ZNF335  NTRK1  SLC9A6  PLXNB3  OPA1  L1CAM  BMPR2  PLXNA4  EFNA4  TWF2  SHANK3  SRCIN1  PLA2G10  CNTNAP2  PTPRD  SMURF1  LLGL1  ZSWIM4"
0.0137427485243945,236,546,1.23157577767359,"Chemical synaptic transmission "," http://amigo.geneontology.org/amigo/term/GO:0007268"," ALS2  CAMKK1  CACNA1G  BAIAP3  SYN1  NISCH  SYT7  ATP1A2  NCDN  CDH1  DTNBP1  RASGRF1  CAMK2B  GUCY1B1  SEZ6  SLC12A2  CACNB1  SYT1  CAMK2A  SLC1A3  OPHN1  RIMS1  SCTR  CHRNA3  PSEN1  MEF2C  CADPS2  GSK3B  ERC1  SSH1  MTMR2  ACHE  JPH4  ITPR3  JAK2  ABL1  P2RX6  LGMN  ZMYND8  SNPH  MYLK2  CELF4  GABRE  FGF14  SPG11  VPS18  PLAT  SLC17A7  SLC1A6  NAPA  CACNG7  KCNN1  CRTC1  GRIK5  STX1A  SLC1A1  DNM1  NCS1  P2RX1  CHRNE  SLC6A4  KAT2A  USP46  NMU  P2RX3  NRXN2  ASIC1  CUX2  SRF  RASGRF2  FGF12  PRKAR2A  OTOF  RAB3GAP1  SLC1A4  EPHA4  TNR  STXBP3  PARK7  KCNC4  DLGAP3  KMO  CDC20  SLC8A2  CREB1  CNR1  PCDH17  KCNIP2  PDZD11  CEP89  HCRTR1  SV2C  DBH  PLP1  SLC12A5  STAU1  NAPB  PRKCG  GAD1  TMOD2  SYT5  UNC13A  GFAP  PPT1  EXOC4  MAP1B  CHRM3  EPHB2  P2RX4  CHRND  SERPINE2  MYCBPAP  GAD2  GABBR2  FCHSD2  NAAA  PPFIA2  NOVA1  MCTP2  CDH11  ADCYAP1  MINK1  CACNA1A  SH3GL1  APP  CNTN4  STXBP5L  SNCA  PLK2  CPLX2  EGFR  NLGN4X  CASK  NTRK2  CACNA1B  LRRC4C  GRIK4  TMEM25  DOC2A  DLG2  EIF4E  GRID2  CAMK4  GRIA4  NRGN  KIF5A  NPTN  SLC6A1  LRP8  KIT  DGKI  BRAF  CLSTN2  PPP1R9A  SYNJ1  SV2A  CALM3  BRSK1  SHANK2  NCSTN  DISC1  CADPS  ABHD6  GRIK3  BSN  GRM2  GRIK2  STXBP5  ADCY1  NSMF  RAPSN  CACNB2  GABRB3  NETO1  PRKCB  MAP1A  PRRT2  STAT3  MECP2  ROR2  RAB3B  RAC3  CDH2  DLGAP1  SYT9  KIF5B  GRIK1  KCTD13  ANAPC2  RIMS2  GRIN1  RPS6KA3  PPFIA3  NRXN1  TH  OXTR  ADGRB1  EXT1  CACNB4  BEGAIN  GRIN2A  BTBD9  CNTN2  SEPTIN5  SORCS2  PRKN  SV2B  SYN3  PCLO  BCR  ZACN  DCC  ERC2  LRRK2  RELN  NTNG2  MME  CHRNG  ADARB1  FCHSD1  CACNA1E  NTRK1  GRIN3A  GRID2IP  PPP3R1  SHISA9  SHANK3  DOC2B  GRIN2B  LRP6  DLGAP2  CALB2  ATAD1  PRKAR2B  NFATC4  CLSTN3"
0.0137427485243945,236,546,1.23157577767359,"Anterograde trans-synaptic signaling "," http://amigo.geneontology.org/amigo/term/GO:0098916"," ALS2  CAMKK1  CACNA1G  BAIAP3  SYN1  NISCH  SYT7  ATP1A2  NCDN  CDH1  DTNBP1  RASGRF1  CAMK2B  GUCY1B1  SEZ6  SLC12A2  CACNB1  SYT1  CAMK2A  SLC1A3  OPHN1  RIMS1  SCTR  CHRNA3  PSEN1  MEF2C  CADPS2  GSK3B  ERC1  SSH1  MTMR2  ACHE  JPH4  ITPR3  JAK2  ABL1  P2RX6  LGMN  ZMYND8  SNPH  MYLK2  CELF4  GABRE  FGF14  SPG11  VPS18  PLAT  SLC17A7  SLC1A6  NAPA  CACNG7  KCNN1  CRTC1  GRIK5  STX1A  SLC1A1  DNM1  NCS1  P2RX1  CHRNE  SLC6A4  KAT2A  USP46  NMU  P2RX3  NRXN2  ASIC1  CUX2  SRF  RASGRF2  FGF12  PRKAR2A  OTOF  RAB3GAP1  SLC1A4  EPHA4  TNR  STXBP3  PARK7  KCNC4  DLGAP3  KMO  CDC20  SLC8A2  CREB1  CNR1  PCDH17  KCNIP2  PDZD11  CEP89  HCRTR1  SV2C  DBH  PLP1  SLC12A5  STAU1  NAPB  PRKCG  GAD1  TMOD2  SYT5  UNC13A  GFAP  PPT1  EXOC4  MAP1B  CHRM3  EPHB2  P2RX4  CHRND  SERPINE2  MYCBPAP  GAD2  GABBR2  FCHSD2  NAAA  PPFIA2  NOVA1  MCTP2  CDH11  ADCYAP1  MINK1  CACNA1A  SH3GL1  APP  CNTN4  STXBP5L  SNCA  PLK2  CPLX2  EGFR  NLGN4X  CASK  NTRK2  CACNA1B  LRRC4C  GRIK4  TMEM25  DOC2A  DLG2  EIF4E  GRID2  CAMK4  GRIA4  NRGN  KIF5A  NPTN  SLC6A1  LRP8  KIT  DGKI  BRAF  CLSTN2  PPP1R9A  SYNJ1  SV2A  CALM3  BRSK1  SHANK2  NCSTN  DISC1  CADPS  ABHD6  GRIK3  BSN  GRM2  GRIK2  STXBP5  ADCY1  NSMF  RAPSN  CACNB2  GABRB3  NETO1  PRKCB  MAP1A  PRRT2  STAT3  MECP2  ROR2  RAB3B  RAC3  CDH2  DLGAP1  SYT9  KIF5B  GRIK1  KCTD13  ANAPC2  RIMS2  GRIN1  RPS6KA3  PPFIA3  NRXN1  TH  OXTR  ADGRB1  EXT1  CACNB4  BEGAIN  GRIN2A  BTBD9  CNTN2  SEPTIN5  SORCS2  PRKN  SV2B  SYN3  PCLO  BCR  ZACN  DCC  ERC2  LRRK2  RELN  NTNG2  MME  CHRNG  ADARB1  FCHSD1  CACNA1E  NTRK1  GRIN3A  GRID2IP  PPP3R1  SHISA9  SHANK3  DOC2B  GRIN2B  LRP6  DLGAP2  CALB2  ATAD1  PRKAR2B  NFATC4  CLSTN3"
0.00996934419215249,255,590,1.23148732781883,"Transmembrane receptor protein tyrosine kinase signaling pathway "," http://amigo.geneontology.org/amigo/term/GO:0007169"," BAIAP2L1  MATK  RHBDF1  PTBP1  IGF1  HGF  FLT4  LCP2  PIK3CB  CYFIP2  STYK1  TNK2  LTK  ELMO2  ERBB3  PRKCQ  TIE1  FGFR2  RHOA  ROCK1  FGFR3  NEDD4  PTPN3  NDST1  EPHA8  PTPN18  TSG101  PAK3  CHRNA3  PSEN1  HSP90AA1  GSK3B  CPNE3  MMP2  CASS4  SNX5  OSBPL8  SEMA6A  TYRO3  BLNK  SORBS1  SIRT1  JAK2  ABL1  HNRNPM  XBP1  PDGFB  LGMN  HIF1A  RPS6KA5  MMP9  HNF4A  PTK6  RASSF2  TRADD  POLR2C  SMPD3  STUB1  PLAT  ESRP1  SLC39A14  HPN  MET  GRB10  WASL  DNM1  SETX  GATA3  RPS6KB1  COL1A1  SLC9A3R1  CBL  MAPK14  WASF1  GPLD1  VEGFA  PRLR  FGF1  PDGFRB  WNT5A  FGF12  CBLB  NCBP2  ATP6V1A  STAM2  GRB14  GALNT3  SOS1  ATP6V1B1  EPHA4  ATP6V0B  F3  POLR1G  NRP2  NR4A3  IDE  TEK  SOCS2  PILRB  PIK3CA  DNAI1  NCKAP1L  RUNX2  EFNB2  GTF2F1  FLRT3  STAT5A  KDR  RHBDF2  SHC2  RAF1  PTPRE  PRKAA1  INPP5K  DSTYK  IRS4  EPHB2  PDGFRA  COL4A2  KLB  APC  EPHA7  BLK  NCBP1  SORL1  EMILIN1  APH1B  EGF  IGF1R  NTRK3  IQGAP1  CDH13  PDPK1  MYOCD  GAREM1  GRB7  EPHA2  CNKSR1  ARNT  PSEN2  CNOT9  PTPRG  DGKQ  SNCA  PDGFC  PIK3R1  EGFR  NTRK2  SHC3  PTPRJ  SOGA1  ARID5B  DOCK1  PIP4K2A  ADAM17  GFRA1  MERTK  PTPRR  CD8A  ZFYVE27  ELMO1  SLA  ADAMTS3  NPTN  KIT  MYO1E  APPL1  CREB3L1  BRAF  XDH  NRG2  ZFAND2B  FGF17  ADIPOR1  ZFYVE28  VAV2  FGFR4  AP2M1  NEU3  WNT4  DDR2  NCSTN  CLASP2  TIPARP  RYK  PRKCD  MST1R  CASP3  LMTK2  SYK  GKAP1  TSC1  RET  CEP57  SPRED1  FRS2  STXBP4  PRKCB  PIP4K2C  SLC27A4  AXL  GFRA2  STAT3  ROR2  AFAP1L2  SDC2  ROBO1  REPS2  MTSS1  PDGFD  ALK  INSR  ATP6V0E2  RASGRP4  EIF2AK3  SMARCC1  CSPG4  STAT5B  GRIN1  NRXN1  PAK2  EXT1  FES  CSF1R  EPHB3  CCBE1  HGS  ROR1  SHC4  BCR  COL4A5  FAT4  PTPN1  EPHB4  MVB12B  IGF2R  COL4A6  ENPP1  MPZL1  SPRED2  NTRK1  SLC9A6  OPA1  GIGYF2  MBD5  ARHGEF28  EFNA4  LYN  RNF115  TXNIP  GRIN2B  EPHB6  HRAS  HNRNPH1  NFATC4"
0.011261007609984,254,589,1.22874057689624,"Cell projection morphogenesis "," http://amigo.geneontology.org/amigo/term/GO:0048858"," HECW1  ALS2  ARHGAP33  DVL2  ETV1  CDKL3  PAX6  CDKL5  SEMA3G  SPAST  SNX1  MYO16  CUL7  PREX2  DTNBP1  PIK3CB  LAMA3  CYFIP2  LAMC2  CAMK2B  NTN1  PRKCQ  DIP2B  FGFR2  MYO9A  RHOA  SYT1  ROCK1  NEDD4  SPTB  EPHA8  CRMP1  MAP3K13  GLI2  NOTCH3  SEMA3A  SEMA3C  USP33  PAK3  MAP2  OPHN1  RIMS1  CHRNA3  PSEN1  HSP90AA1  LRP2  SEMA5B  GSK3B  ULK2  IGSF9  LZTS3  SLC23A2  ARHGAP4  MUL1  NRCAM  SEMA6A  HDAC6  SEMA4G  HSP90AB1  ABL1  NIN  RPS6KA5  FBXO31  SYT17  SPG11  FZD3  MEGF8  CACNG7  GRB10  COBL  PTPRZ1  WASL  GLI3  GATA3  ABI3  CAPRIN2  SLC11A2  CUX2  WASF1  PTK7  SRF  VEGFA  SEMA5A  UNC5A  UBE3A  WNT5A  PLXNA1  GORASP1  TTL  ITGA4  SOS1  TRAK2  EPHA4  TNR  DOCK7  STK11  NRP2  CREB1  KLF7  SPP1  ABITRAM  BCL11A  LHX4  PIK3CA  CXCR4  NCKAP1L  CPNE5  RREB1  EFNB2  FLRT3  KIF1A  ZSWIM6  UNC13A  LAMA5  PLXNA3  MAP1B  ATP8A2  POSTN  EPHB2  CHL1  NOTCH2  ADGRB3  EPHA7  CAPRIN1  PLXNC1  DBNL  SKIL  ENPP2  KIAA0319  SEMA6D  SPTBN5  KIF20B  HECW2  PPFIA2  IQGAP1  CDH11  MINK1  SMAD4  GRB7  APP  EPHA2  CELSR2  SEMA6C  CPNE9  CNTN4  GOLGA4  SLIT2  PIK3R1  TIAM2  EGFR  NTRK2  SHC3  NOTCH1  LRRC4C  FEZ1  KIRREL3  TAOK2  DPYSL4  GFRA1  NR4A2  ROBO4  UCHL1  TNIK  ZFYVE27  KIF5A  NPTN  UNC5D  LRP8  BRAF  PPP1R9A  IGF2BP1  ARHGAP35  DIP2A  SPTBN4  BRSK1  SHANK2  DRAXIN  PDPN  DISC1  PDLIM5  CCDC141  NFASC  CLASP2  RYK  PLXNB1  LMTK2  ADCY1  ATP7A  RET  NSMF  FRS2  PRTG  MAP1A  GFRA2  SEMA4C  MAP2K1  SIN3A  SDC2  ROBO1  CTNND2  ALCAM  SEMA3E  CDH2  KIF5B  FEZ2  MAP6  BCL2  KNDC1  RAPH1  DAG1  BRSK2  FBXW8  ANAPC2  RIMS2  ADAMTSL1  NRXN1  PAK2  ADGRB1  UNC5C  EXT1  CSF1R  EPHB3  CNTN2  SLIT3  ROBO2  PRKN  SLIT1  DCC  LRRK2  RELN  SEMA4A  NTNG2  EPHB4  ADARB1  KIF13B  ZNF335  NTRK1  SLC9A6  PLXNB3  OPA1  L1CAM  BMPR2  SNX2  PLXNA4  EFNA4  TWF2  SHANK3  SRCIN1  PLA2G10  CNTNAP2  PTPRD  SMURF1  LLGL1  ZSWIM4"
0.0137427485243945,246,572,1.22540841052808,"Synaptic signaling "," http://amigo.geneontology.org/amigo/term/GO:0099536"," ALS2  CAMKK1  CACNA1G  BAIAP3  SYN1  NISCH  SYT7  ATP1A2  NCDN  CDH1  DTNBP1  RASGRF1  CAMK2B  GNA15  GUCY1B1  SEZ6  SLC12A2  CACNB1  SYT1  CAMK2A  SLC1A3  OPHN1  RIMS1  SCTR  CHRNA3  PSEN1  MEF2C  CADPS2  GSK3B  ERC1  SSH1  MTMR2  ACHE  NOS1  JPH4  ITPR3  JAK2  ABL1  P2RX6  LGMN  ZMYND8  SNPH  MYLK2  CELF4  GABRE  FGF14  SPG11  VPS18  PLAT  SLC17A7  SLC1A6  NAPA  CACNG7  KCNN1  CRTC1  GRIK5  STX1A  SLC1A1  DNM1  NCS1  P2RX1  CHRNE  SLC6A4  KAT2A  USP46  NMU  P2RX3  NRXN2  ASIC1  CUX2  SRF  RASGRF2  FGF12  PRKAR2A  OTOF  RAB3GAP1  SLC1A4  EPHA4  TNR  STXBP3  PARK7  KCNC4  DLGAP3  KMO  CDC20  SLC8A2  CREB1  CNR1  PCDH17  KCNIP2  PDZD11  CEP89  HCRTR1  SV2C  DBH  PLP1  SLC12A5  STAU1  NAPB  PRKCG  GAD1  TMOD2  SYT5  UNC13A  GFAP  PPT1  EXOC4  MAP1B  CHRM3  EPHB2  DAGLA  P2RX4  CHRND  SERPINE2  MYCBPAP  GAD2  GABBR2  FCHSD2  NAAA  PPFIA2  NOVA1  MCTP2  CDH11  ADCYAP1  MINK1  CACNA1A  SH3GL1  APP  CNTN4  STXBP5L  SNCA  PLK2  CPLX2  EGFR  NLGN4X  CASK  NTRK2  CACNA1B  LRRC4C  GRIK4  TMEM25  DOC2A  LYPD1  DLG2  EIF4E  GRID2  CAMK4  GRIA4  NRGN  KIF5A  GNAQ  NPTN  SLC6A1  LRP8  KIT  DGKI  BRAF  CLSTN2  PPP1R9A  SYNJ1  SV2A  CALM3  BRSK1  SHANK2  NCSTN  DISC1  CADPS  ABHD6  GRIK3  BSN  GRM2  GRIK2  STXBP5  DAGLB  ADCY1  NSMF  RAPSN  CACNB2  GABRB3  NETO1  PRKCB  MAP1A  PRRT2  STAT3  MECP2  ROR2  RAB3B  RAC3  CDH2  DLGAP1  SYT9  KIF5B  GRIK1  GRK2  DAG1  KCTD13  ANAPC2  RIMS2  GRIN1  RPS6KA3  PPFIA3  NRXN1  TH  OXTR  ADGRB1  EXT1  CACNB4  BEGAIN  GRIN2A  BTBD9  CNTN2  SEPTIN5  SORCS2  PRKN  SV2B  SYN3  PCLO  BCR  ZACN  DCC  ERC2  LRRK2  RELN  IL1RAP  NTNG2  MME  CHRNG  ADARB1  FCHSD1  CACNA1E  NTRK1  GRIN3A  GRID2IP  PPP3R1  SHISA9  SHANK3  DOC2B  GRIN2B  LRP6  DLGAP2  CALB2  PTPRD  ATAD1  PRKAR2B  NFATC4  CLSTN3"
0.0137427485243945,259,604,1.22181261241395,"Cell part morphogenesis "," http://amigo.geneontology.org/amigo/term/GO:0032990"," HECW1  ALS2  ARHGAP33  DVL2  ETV1  CDKL3  PAX6  CDKL5  SEMA3G  SPAST  SNX1  MYO16  CUL7  PREX2  DTNBP1  PIK3CB  LAMA3  CYFIP2  LAMC2  CAMK2B  NTN1  PRKCQ  DIP2B  FGFR2  MYO9A  RHOA  SYT1  ROCK1  NEDD4  SPTB  EPHA8  CRMP1  MAP3K13  GLI2  NOTCH3  SEMA3A  SEMA3C  USP33  PAK3  MAP2  OPHN1  RIMS1  CHRNA3  PSEN1  HSP90AA1  LRP2  SEMA5B  GSK3B  ULK2  IGSF9  LZTS3  SLC23A2  ARHGAP4  MUL1  NRCAM  SEMA6A  HDAC6  SEMA4G  HSP90AB1  ABL1  NIN  RPS6KA5  FBXO31  SYT17  SPG11  FZD3  MYH14  MEGF8  CACNG7  GRB10  COBL  PTPRZ1  WASL  GLI3  GATA3  ABI3  CAPRIN2  SLC11A2  CUX2  WASF1  PTK7  SRF  VEGFA  SEMA5A  UNC5A  UBE3A  WNT5A  PLXNA1  GORASP1  TTL  ITGA4  SOS1  TRAK2  EPHA4  TNR  DOCK7  STK11  NRP2  CREB1  KLF7  SPP1  ABITRAM  BCL11A  LHX4  PIK3CA  CXCR4  NCKAP1L  CPNE5  RREB1  EFNB2  FLRT3  NECTIN2  KIF1A  ZSWIM6  UNC13A  LAMA5  PLXNA3  MAP1B  ATP8A2  POSTN  EPHB2  CHL1  NOTCH2  ADGRB3  EPHA7  CAPRIN1  PLXNC1  DBNL  SKIL  ENPP2  KIAA0319  SEMA6D  SPTBN5  PNPT1  KIF20B  HECW2  PPFIA2  IQGAP1  CDH11  MINK1  SMAD4  GRB7  APP  EPHA2  CELSR2  SEMA6C  CPNE9  CNTN4  GOLGA4  SLIT2  PIK3R1  TIAM2  EGFR  NTRK2  SHC3  NOTCH1  LRRC4C  FEZ1  KIRREL3  TAOK2  NUBPL  DPYSL4  GFRA1  NR4A2  ROBO4  UCHL1  TNIK  ZFYVE27  KIF5A  NPTN  UNC5D  LRP8  BRAF  PPP1R9A  IGF2BP1  ARHGAP35  DIP2A  SPTBN4  BRSK1  SHANK2  DRAXIN  PDPN  DISC1  PDLIM5  CCDC141  NFASC  CLASP2  RYK  PLXNB1  LMTK2  ADCY1  ATP7A  RET  NSMF  FRS2  PRTG  MAP1A  GFRA2  SEMA4C  MAP2K1  SIN3A  SDC2  ROBO1  CTNND2  ALCAM  SEMA3E  CDH2  KIF5B  FEZ2  MAP6  BCL2  KNDC1  RAPH1  DAG1  BRSK2  FBXW8  ANAPC2  RIMS2  ADAMTSL1  NRXN1  PAK2  ADGRB1  UNC5C  EXT1  CSF1R  EPHB3  CNTN2  SLIT3  ROBO2  PRKN  SLIT1  DCC  LRRK2  RELN  SEMA4A  NTNG2  EPHB4  ADARB1  KIF13B  ZNF335  NTRK1  SLC9A6  PLXNB3  OPA1  L1CAM  BMPR2  SNX2  FIS1  PLXNA4  EFNA4  TWF2  SHANK3  SRCIN1  PLA2G10  CNTNAP2  PTPRD  SMURF1  LLGL1  ZSWIM4"
0.0137427485243945,270,634,1.21343434973427,"Head development "," http://amigo.geneontology.org/amigo/term/GO:0060322"," KDM7A  PAX6  CD9  CNTN1  ATP1A2  UBA6  CDH1  DNAH5  MYO16  CTNNA1  HSPA5  NNAT  ATP2B4  SEZ6  CDON  ASPM  FGFR2  RHOA  SYT1  ROGDI  NDST1  FBXW11  GLI2  SEMA3A  WDR62  CTTNBP2  ITGA8  SYNJ2  CIC  PAFAH1B3  OPHN1  DCT  SCTR  PSEN1  LRP2  GSK3B  GRHL2  OXCT1  NCOA1  MMP2  GNAO1  ATRN  XRN2  LHX5  AARS1  LAMB1  TYRO3  WHRN  EFHC1  ABL1  RAB18  SETD1A  CCDC134  TTLL1  EP300  NIN  HIF1A  CHD8  SNPH  E2F1  ZNF423  CRISPLD2  RPGRIP1L  FZD3  SLC17A7  APLP1  TGFB1  NAPA  MEIS3  MAST1  PBX4  CASP2  GLI3  SLC1A1  SLC6A4  KAT2A  EZH1  COL1A1  JHY  MDGA1  SRF  SEMA5A  UBE3A  WNT5A  HES1  GNB4  ABCB6  RAB3GAP1  SOS1  TNR  CHD5  STXBP3  DOCK7  CENPF  KIF14  NRP2  CREB1  SATB2  MAPKAP1  TGFB3  HOXB3  UFM1  CXCR4  PLP1  TTC21B  ACSL3  MED1  FLRT3  MKKS  FOXP2  TTBK2  ATP1B2  KIF1A  ZSWIM6  PLXNA3  PPT1  RAF1  SLC6A11  BCAN  EPHB2  MEN1  SLC38A2  PDGFRA  AGTPBP1  TBX3  EPHA7  SERPINE2  SCYL2  CDK5RAP2  ANP32B  IL11RA  TMEM14B  SEMA6D  BBS7  EGF  COL2A1  BRCA2  DUOX2  ZFHX3  ADCYAP1  APP  SYPL2  CELSR2  TBX19  UFC1  MEIS1  FANCD2  CNTN4  PTPRG  SLIT2  EIF2B5  SPATA5  METTL14  TTBK1  NLGN4X  TAF1  NTRK2  SEC16A  NOTCH1  GLUD1  FEZ1  KIRREL3  VPS51  ARID5B  ADGRL3  HNMT  GRID2  SPEF2  BCL2L11  NR4A2  NRGN  AFF2  LRP8  MMP14  BRAF  FANCC  SYNJ1  IGF2BP1  ARHGAP35  CALM3  G6PD  SHANK2  DRAXIN  WNT4  NCSTN  FLVCR1  DISC1  CCDC141  EOMES  TIPARP  RYK  PITX2  CASP3  TENT2  PDSS2  ADCY1  KIF27  ATP7A  WRN  AK8  TSC1  FRS2  AXL  TRAPPC9  C2CD3  HOOK3  COL3A1  SEMA4C  MAP2K1  MECP2  SIN3A  ARL13B  RAC3  ROBO1  ITGAM  SMAD1  DCLK2  PFKFB3  CDH2  KIF5B  ALK  ZDHHC16  CHD7  BCL2  KNDC1  ARNT2  RARG  PHF8  SEZ6L2  B3GNT5  GRIN1  DDX10  NRXN1  TH  OXTR  UNC5C  EXT1  CSF1R  EPHB3  SLC8A1  GRIN2A  SCN5A  CNTN2  PCDH9  ROBO2  SLIT1  EPOR  SLC38A3  LRRK2  RELN  PCDH18  FAT4  PGAP1  ZNF335  LPAR1  LDB1  MACO1  BMPR2  CCDC85C  TMX2  PLXNA4  SHANK3  GRIN2B  NDE1  WNT9B  MBOAT7  CNTNAP2  LRP6  CCDC39  STRA6"
0.0137427485243945,286,676,1.20548307051949,"Cellular component morphogenesis "," http://amigo.geneontology.org/amigo/term/GO:0032989"," HECW1  ALS2  ARHGAP33  DVL2  ETV1  CDKL3  PAX6  CDKL5  CD9  SEMA3G  SPAST  SNX1  TBPL1  MYO16  CUL7  PREX2  DTNBP1  PIK3CB  LAMA3  CYFIP2  LAMC2  CAMK2B  NTN1  PRKCQ  DIP2B  FGFR2  MYO9A  RHOA  SYT1  ROCK1  NEDD4  SPTB  EPHA8  WDR1  CRMP1  MAP3K13  GLI2  NOTCH3  SEMA3A  SEMA3C  USP33  PAK3  ACTN2  MAP2  OPHN1  RIMS1  CHRNA3  PSEN1  HSP90AA1  LRP2  SEMA5B  GSK3B  ULK2  IGSF9  MTMR2  RFX2  LZTS3  SLC23A2  ARHGAP4  MUL1  NRCAM  SEMA6A  CAPN3  HDAC6  SEMA4G  HSP90AB1  ABL1  NIN  RPS6KA5  FBXO31  SYT17  SPG11  FZD3  MYH14  MEGF8  CACNG7  GRB10  COBL  PTPRZ1  WASL  GLI3  ABCA2  GATA3  ABI3  CAPRIN2  SLC11A2  CUX2  ACRBP  WASF1  FIG4  PTK7  SRF  VEGFA  SEMA5A  PDGFRB  UNC5A  UBE3A  WNT5A  PLXNA1  GORASP1  TTL  PIKFYVE  ITGA4  SOS1  TRAK2  EPHA4  TNR  DOCK7  STK11  NRP2  CREB1  KLF7  SPP1  ABITRAM  BCL11A  LHX4  PIK3CA  CXCR4  LDB3  NCKAP1L  CPNE5  RREB1  EFNB2  FLRT3  TBC1D20  TMOD2  NECTIN2  KIF1A  ZSWIM6  UNC13A  LAMA5  PLXNA3  MAP1B  ATP8A2  POSTN  EPHB2  CHL1  NOTCH2  PDGFRA  ADGRB3  EPHA7  CAPRIN1  PLXNC1  DBNL  SKIL  ENPP2  KIAA0319  SEMA6D  SPTBN5  PNPT1  KIF20B  HECW2  PPFIA2  IQGAP1  CDH11  MINK1  SMAD4  GRB7  APP  EPHA2  CELSR2  SEMA6C  CPNE9  CNTN4  GOLGA4  TMF1  SLIT2  PIK3R1  TIAM2  EGFR  NTRK2  SHC3  NOTCH1  LRRC4C  TENM4  FEZ1  KIRREL3  TAOK2  NUBPL  DPYSL4  GFRA1  NR4A2  ROBO4  UCHL1  TNIK  PGM5  ZFYVE27  KIF5A  NPTN  UNC5D  LRP8  BRAF  PPP1R9A  IGF2BP1  ACTC1  ARHGAP35  DIP2A  SPTBN4  BRSK1  SHANK2  DRAXIN  PDPN  DISC1  PDLIM5  CCDC141  NFASC  CLASP2  RYK  PLXNB1  LMTK2  ADCY1  ATP7A  CFL2  RET  NSMF  FRS2  SYNPO2L  PRTG  MAP1A  GFRA2  SEMA4C  MAP2K1  SIN3A  SDC2  ROBO1  CTNND2  ALCAM  SEMA3E  CDH2  KIF5B  FEZ2  MAP6  BCL2  KNDC1  RAPH1  DAG1  BRSK2  FBXW8  CSRP2  ANAPC2  RIMS2  ADAMTSL1  NRXN1  PAK2  ADGRB1  UNC5C  EXT1  CSF1R  EPHB3  NEB  CNTN2  SLIT3  ROBO2  PRKN  SLIT1  DCC  LRRK2  RELN  SEMA4A  NTNG2  EPHB4  ADARB1  KIF13B  ZNF335  NTRK1  SLC9A6  PLXNB3  OPA1  L1CAM  BMPR2  SNX2  FIS1  PLXNA4  EFNA4  TWF2  SHANK3  SRCIN1  MYOM2  PLA2G10  CNTNAP2  PTPRD  SMURF1  LLGL1  FLII  TNNT3  ZSWIM4"
0.00868003756931189,359,853,1.19918778431514,"Neuron projection development "," http://amigo.geneontology.org/amigo/term/GO:0031175"," HECW1  ALS2  FKBP4  ARHGAP33  DVL2  ITGA3  ETV1  USH1C  CDKL3  PAX6  CDKL5  SEMA3G  CNTN1  HGF  NCDN  SPAST  VIM  GRN  IFT88  UBA6  CDH1  MYO16  CUL7  CTNNA1  HSPA5  PREX2  DTNBP1  PIK3CB  LAMA3  CYFIP2  LAMC2  RASGRF1  CAMK2B  DGKG  PSD  LTK  SEZ6  NTN1  PRKCQ  DIP2B  FGFR2  MYO9A  RHOA  SYT1  ROCK1  NEDD4  SPTB  CAMK2A  EPHA8  CRMP1  MAP3K13  FRY  GLI2  NOTCH3  SEMA3A  SEMA3C  FRYL  CAMSAP3  USP33  PAK3  MAP2  OPHN1  RIMS1  CHRNA3  PSEN1  HSP90AA1  MEF2C  LRP2  SEMA5B  GSK3B  ULK2  IGSF9  GNAO1  LZTS3  SLC23A2  ARHGAP4  MUL1  NRCAM  LAMB1  SEMA6A  HDAC6  WHRN  SEMA4G  HSP90AB1  JAK2  ABL1  CECR2  MICALL1  EP300  NIN  RPS6KA5  TRIP11  ZMYND8  PTK6  FBXO31  SYT17  SPG11  FZD3  MEGF8  CACNG7  CRTC1  GRB10  COBL  PTPRZ1  WASL  GLI3  NCS1  SETX  GATA3  ABI3  SLC9A3R1  EHD1  FOLR1  CAPRIN2  SLC11A2  TRPV4  CUX2  RAB35  TULP1  WASF1  FIG4  PTK7  SRF  TMEM30A  VEGFA  SEMA5A  DPYSL3  UNC5A  UBE3A  WNT5A  HES1  PLXNA1  GORASP1  TTL  ITGA4  EFHD1  SOS1  TRAK2  EPHA4  MARK1  TNR  DOCK7  MTR  CDC20  STK11  NRP2  CREB1  KLF7  CNR1  SPP1  ABITRAM  BCL11A  LHX4  PIK3CA  CXCR4  NCKAP1L  PLP1  PREX1  SLC12A5  CPNE5  RAB17  EFNB2  FLRT3  ATP1B2  KIF1A  ZSWIM6  UNC13A  CAMSAP1  ATXN10  LAMA5  PLXNA3  GFAP  MAP1B  ATP8A2  POSTN  EPHB2  CHL1  NOTCH2  ADGRB3  EPHA7  CAPRIN1  PLXNC1  DDX56  DBNL  BLK  SKIL  KIAA0319  SEMA6D  SPTBN5  KIF20B  HECW2  PPFIA2  RB1  NTRK3  IQGAP1  KATNB1  CDH11  ADCYAP1  MINK1  SMAD4  GRB7  APP  EPHA2  CELSR2  USP21  SEMA6C  VASH2  CPNE9  CNTN4  GOLGA4  PTPRG  SLIT2  PLK2  PIK3R1  FBXO38  TNFRSF21  TIAM2  SDK1  EGFR  NTRK2  SHC3  NOTCH1  LRRC4C  FEZ1  KIRREL3  TBX6  TAOK2  DPYSL4  GFRA1  GRID2  UHMK1  SPOCK1  NR4A2  ROBO4  UCHL1  TNIK  ZFYVE27  KIF5A  NPTN  UNC5D  LRP8  BRAF  CUL4B  PPP1R9A  IGF2BP1  ARHGAP35  DIP2A  SPTBN4  BRSK1  TBC1D24  SHANK2  DRAXIN  GFI1  DISC1  PDLIM5  CCDC141  NFASC  CLASP2  RYK  PLXNB1  ADGRV1  CASP3  LMTK2  ADCY1  ATP7A  FAT3  FRMD7  TSC1  RET  NSMF  CLMN  FRS2  PRTG  MAP1A  ULK4  GFRA2  SEMA4C  MAP2K1  MECP2  ROR2  SIN3A  SDC2  RAC3  ROBO1  CTNND2  ALCAM  SEMA3E  CDH2  KIF5B  FEZ2  ALK  MAP6  ENC1  BCL2  KNDC1  MBOAT1  RAPH1  DAG1  BRSK2  FBXW8  ANAPC2  RIMS2  ADAMTSL1  GAK  NRXN1  PAK2  ADGRB1  UNC5C  EXT1  FES  CSF1R  EPHB3  KREMEN1  DENND5A  CNTN2  SLIT3  ROBO2  INPP5J  PRKN  GPRIN3  ROR1  SLIT1  DCC  LRRK2  RELN  BLOC1S2  FAT4  SEMA4A  NTNG2  EPHB4  HDAC2  ADARB1  KIF13B  ZNF335  LPAR1  NTRK1  SLC9A6  PLXNB3  GRIN3A  OPA1  L1CAM  GPRIN2  BMPR2  TENM3  PLXNA4  EFNA4  TWF2  SHANK3  LYN  SRCIN1  PRAG1  SCARF1  PLA2G10  CNTNAP2  TRAPPC4  PTPRD  SMURF1  LLGL1  ZSWIM4"
0.0393593876040021,251,597,1.19795683237554,"Brain development "," http://amigo.geneontology.org/amigo/term/GO:0007420"," KDM7A  PAX6  CD9  CNTN1  ATP1A2  UBA6  CDH1  DNAH5  MYO16  CTNNA1  HSPA5  NNAT  ATP2B4  SEZ6  CDON  ASPM  FGFR2  RHOA  SYT1  ROGDI  NDST1  FBXW11  GLI2  SEMA3A  WDR62  CTTNBP2  ITGA8  SYNJ2  CIC  PAFAH1B3  OPHN1  DCT  SCTR  PSEN1  LRP2  GSK3B  GRHL2  OXCT1  NCOA1  GNAO1  ATRN  XRN2  LHX5  AARS1  LAMB1  TYRO3  WHRN  EFHC1  ABL1  RAB18  SETD1A  CCDC134  TTLL1  NIN  HIF1A  CHD8  SNPH  E2F1  ZNF423  RPGRIP1L  FZD3  SLC17A7  APLP1  NAPA  MEIS3  MAST1  PBX4  CASP2  GLI3  SLC1A1  SLC6A4  KAT2A  EZH1  JHY  MDGA1  SRF  SEMA5A  UBE3A  WNT5A  HES1  GNB4  ABCB6  RAB3GAP1  SOS1  TNR  CHD5  STXBP3  DOCK7  CENPF  KIF14  NRP2  CREB1  SATB2  MAPKAP1  HOXB3  UFM1  CXCR4  PLP1  TTC21B  ACSL3  MED1  MKKS  FOXP2  TTBK2  ATP1B2  KIF1A  ZSWIM6  PLXNA3  PPT1  SLC6A11  BCAN  EPHB2  MEN1  SLC38A2  AGTPBP1  TBX3  EPHA7  SERPINE2  SCYL2  CDK5RAP2  ANP32B  TMEM14B  SEMA6D  BBS7  EGF  BRCA2  DUOX2  ZFHX3  ADCYAP1  APP  SYPL2  CELSR2  TBX19  UFC1  MEIS1  FANCD2  CNTN4  PTPRG  SLIT2  EIF2B5  SPATA5  METTL14  TTBK1  NLGN4X  TAF1  NTRK2  SEC16A  NOTCH1  GLUD1  FEZ1  KIRREL3  VPS51  ADGRL3  HNMT  GRID2  SPEF2  BCL2L11  NR4A2  NRGN  AFF2  LRP8  FANCC  SYNJ1  IGF2BP1  ARHGAP35  CALM3  G6PD  SHANK2  DRAXIN  WNT4  NCSTN  DISC1  CCDC141  EOMES  RYK  PITX2  CASP3  TENT2  PDSS2  ADCY1  KIF27  ATP7A  WRN  AK8  TSC1  FRS2  AXL  TRAPPC9  C2CD3  HOOK3  COL3A1  SEMA4C  MAP2K1  MECP2  SIN3A  ARL13B  RAC3  ROBO1  ITGAM  SMAD1  DCLK2  PFKFB3  CDH2  KIF5B  ALK  ZDHHC16  CHD7  BCL2  KNDC1  ARNT2  PHF8  SEZ6L2  B3GNT5  GRIN1  NRXN1  TH  OXTR  UNC5C  EXT1  CSF1R  EPHB3  SLC8A1  GRIN2A  SCN5A  CNTN2  PCDH9  ROBO2  SLIT1  EPOR  SLC38A3  LRRK2  RELN  PCDH18  FAT4  PGAP1  ZNF335  LPAR1  LDB1  MACO1  BMPR2  CCDC85C  TMX2  PLXNA4  SHANK3  GRIN2B  NDE1  WNT9B  MBOAT7  CNTNAP2  LRP6  CCDC39"
0.00672422161227566,442,1060,1.18811418922899,"Peptidyl-amino acid modification "," http://amigo.geneontology.org/amigo/term/GO:0018193"," FKBP4  DVL2  MSL3  CRLF1  NOS2  MATK  JARID2  CAMK1G  MED24  TENM1  MLXIPL  BAZ1B  QPCTL  BRCA1  CLK1  IGF1  CNTN1  HGF  NUP160  MAP2K3  ZZZ3  FLT4  KITLG  FOXP3  MAPK9  NNAT  EIF2AK2  KMT2C  ATP2B4  NDC1  STYK1  TNK2  LTK  PKN2  ERBB3  PRKCQ  TIE1  DIP2B  KDM4A  FGFR2  ROCK1  PDK3  HDAC4  FGFR3  NUP133  TESK2  CAMK2A  EPHA8  ING3  RPS6KA6  TFRC  MAP3K13  TSG101  NUP37  MAP2K7  JADE1  PIAS2  ARAF  UBE2K  SENP1  PSEN1  HSP90AA1  IL12RB2  GSK3B  KAT6A  PIBF1  NCOA1  MECOM  SEH1L  NOX4  CASS4  DOCK3  MAPKAPK5  NOS1  MUL1  P3H2  TYRO3  CAPN3  CLSPN  HDAC6  AAAS  NUP188  HSP90AB1  SIRT1  JAK2  ABL1  CDC7  MAST3  SETD1A  TTLL1  TTLL12  PDGFB  EP300  DESI1  PRMT5  RPS6KA5  CD40  SGK2  PTK6  RASSF2  CSNK2A1  MYLK2  SMAD7  NAA10  CEMIP  RIPK2  EYA1  IKBKB  DOT1L  AURKC  PIAS4  CLIP3  TGFB1  TYK2  PPP2R1A  MAST1  MET  STX1A  PLOD3  SLC1A1  TGFBR1  GATA3  PPIF  RPS6KB1  KAT2A  EZH1  SUPT6H  NSD2  BST1  OSBP  KMT5B  HPX  CBL  HIPK3  P3H3  CAPRIN2  MAPK14  STK38  PPP2R5D  DUSP22  VEGFA  BRD8  ITK  PRLR  NUP155  PPP2CA  CSNK1A1  PDGFRB  KAT2B  WNT5A  HES1  CBLB  KANSL3  TTL  PIKFYVE  GALNT3  KDM3A  STK16  QPCT  ATF2  EPHA4  MARK1  CHD5  PARK7  ASH1L  DOCK7  GADD45A  CTH  KMT2A  MYB  EEF2KMT  SENP5  PTPA  MAPKAP1  TTLL5  BCL11A  TEK  PIK3CA  P4HA1  CIT  CDK2  METTL8  NCOA3  USP22  NUP153  UBA2  PRKCG  KDM4B  POR  KDR  HAT1  TTBK2  DOHH  GNL3L  HRC  TRPM4  DNMT1  PNCK  LATS1  TTLL9  RAF1  NUP210  PRKAA1  INPP5K  USPL1  CHI3L1  DSTYK  EPHB2  CSNK1G2  MEN1  DPH6  PTPN22  IL6ST  CLOCK  PDGFRA  NAA35  AGTPBP1  CD36  EPHA7  ACVR1B  TEC  EGLN1  TAF5L  TTLL4  EPC2  ZDHHC4  NMT1  BLK  ENPP2  RIPK1  ARRB1  NEK1  RTF1  TTLL7  GTF2B  LOXL4  PPIG  SENP7  PRKG2  NUP54  EGF  NUP58  BRCA2  KANSL2  MAP3K12  METTL21C  IGF1R  NTRK3  IQGAP1  PDPK1  MYOCD  ESCO1  RPTOR  SMAD4  P3H4  FKBP10  APP  SAE1  PRDM16  EPHA2  MTF2  ARNT  SMYD2  GALNT2  PARP1  CNOT9  DCAF1  DGKQ  SNCA  PDGFC  PLK2  TTBK1  EGFR  TAF1  NSD3  NTRK2  TAF5  PTPRJ  EEF1AKMT1  LATS2  ATPSCKMT  ADAM17  MGAT5  UHMK1  CAMK4  GPD1L  STK32B  MERTK  LRRK1  SLA  DPY19L4  BRPF1  SMG1  LRP8  PAXIP1  KIT  DYRK1A  BRAF  MORC3  ACE  ZFYVE28  CALM3  MCM3AP  DIP2A  SPTBN4  BRSK1  IL6R  CRTC2  FGFR4  ASGR2  TAF6L  RPS6KA4  GFI1  DDR2  NUP35  HIPK1  EOGT  RYK  YEATS2  RPN1  PRKCD  MST1R  WDR82  PRMT9  EGFLAM  RICTOR  LMTK2  SYK  ATP7A  MELK  RET  SPRED1  HIF1AN  TAF10  PRKCB  PLK1  B4GALNT2  AXL  MGAT5B  PBK  KIAA1586  SETD5  STAT3  TET2  MAP2K1  MECP2  ROR2  CSNK1G1  AFAP1L2  STK32A  SIN3A  SETMAR  DCLK2  TTLL6  PDGFD  ALK  INSR  TADA3  PPID  BCL2  EIF2AK3  HCFC1  NAA16  GRK2  MAP3K11  PEAK1  CSPG4  DPY19L1  ZDHHC24  GALNTL6  BRSK2  ZDHHC14  TTLL11  ZDHHC21  DOK7  RPS6KA3  RNF212  GALNT11  ERN1  DPY19L3  CLK3  NRXN1  PAK2  ZDHHC20  FES  CSF1R  EPHB3  BCOR  SETD3  TBK1  PRKX  VPS33B  NELFA  INPP5J  PRMT3  ROR1  MUC1  AGBL4  TET3  MAPK12  ZDHHC9  ZDHHC11  LRRK2  NOC2L  RELN  SPOCK3  SUPT3H  PTPN1  EPHB4  HDAC2  WNK3  PIWIL2  ERO1A  ZNF335  SPRED2  NTRK1  LDB1  CTR9  SMC5  NOS1AP  EEF1AKMT2  ZDHHC11B  SMTNL1  CSNK2B  ATAT1  EHMT2  DDOST  LYN  PECAM1  CLK2  PTPRC  IKBKE  EGLN2  KMT2B  POM121C  AGBL1  SRCIN1  TNFRSF14  SMARCB1  TADA2A  DYRK1B  IBTK"
0.00996934419215249,368,883,1.18748708110064,"Cell morphogenesis "," http://amigo.geneontology.org/amigo/term/GO:0000902"," HECW1  ALS2  ARHGAP33  DVL2  ETV1  CDKL3  PAX6  CDKL5  SEMA3G  HGF  ZRANB1  SPAST  SNX1  MYO16  USH2A  CUL7  PREX2  DTNBP1  PIK3CB  LAMA3  CYFIP2  LAMC2  CAMK2B  NTN1  PRKCQ  DIP2B  FGFR2  MYO9A  RHOA  SYT1  ROCK1  NEDD4  SPTB  EPHA8  WDR1  CRMP1  MAP3K13  FRY  GLI2  NOTCH3  SEMA3A  SEMA3C  FRYL  USP33  PAK3  FBLN1  ITGA8  MAP2  SLC1A3  OPHN1  CARMIL1  RIMS1  CHRNA3  PSEN1  HSP90AA1  MEF2C  LRP2  SEMA5B  GSK3B  ULK2  GRHL2  SSH1  IGSF9  NOX4  CASS4  ATRN  LZTS3  SLC23A2  ARHGAP4  MUL1  NRCAM  LAMB1  SEMA6A  TYRO3  UNC13D  HDAC6  WHRN  SEMA4G  HSP90AB1  ABL1  MYH9  EP300  COCH  NIN  RPS6KA5  CDH20  MYL12A  CORO1A  FBXO31  SYT17  SPG11  FZD3  TGFB1  MYH14  MEGF8  CACNG7  HPN  SIPA1L3  MET  GRB10  COBL  PTPRZ1  WASL  PLOD3  GLI3  MEGF9  GATA3  ATRNL1  ABI3  SLC9A3R1  CAPRIN2  SLC11A2  CUX2  MAPK14  WASF1  PTK7  SRF  VEGFA  SEMA5A  SPARC  UNC5A  BCL6  UBE3A  WNT5A  HES1  ECT2  PLXNA1  GORASP1  TTL  ITGA4  SOS1  TRAK2  EPHA4  TNR  DOCK7  STK11  KIF14  NRP2  CREB1  KLF7  SPP1  ABITRAM  BCL11A  TEK  LHX4  PIK3CA  CXCR4  NCKAP1L  PREX1  CPNE5  RREB1  EFNB2  MED1  FLRT3  TBC1D20  FGD3  KDR  CDHR3  STRIP2  MKLN1  KIF1A  ZSWIM6  UNC13A  CAMSAP1  LAMA5  PLXNA3  LATS1  KIF3A  MAP1B  UNK  CASP9  ATP8A2  POSTN  EPHB2  CHL1  NOTCH2  AGO4  ANXA1  ADGRB3  EPHA7  CAPRIN1  ITGA7  PLXNC1  DBNL  ERMN  SKIL  ENPP2  KIAA0319  YAP1  SEMA6D  SPTBN5  KIF20B  HECW2  PPFIA2  RB1  VPS33A  CDH24  IQGAP1  CDH11  MINK1  SMAD4  GRB7  APP  WTIP  EPHA2  STRIP1  CELSR2  SEMA6C  WDPCP  CPNE9  CNTN4  GOLGA4  LIMD1  SLIT2  CDH18  PIK3R1  FGD2  ARHGAP18  TIAM2  ZMYM4  EGFR  DOCK5  NTRK2  SHC3  NOTCH1  FAM171A1  CDHR1  LRRC4C  ST14  FEZ1  KIRREL3  SIDT2  TAOK2  DOCK1  DPYSL4  GFRA1  MERTK  NR4A2  ROBO4  UCHL1  TNIK  FGD5  ZFYVE27  KIF5A  NPTN  UNC5D  LRP8  KIT  BRAF  WDR19  RADIL  PPP1R9A  F11R  CDC42SE2  IGF2BP1  ARHGAP35  DIP2A  SPTBN4  BRSK1  SHANK2  DRAXIN  PDPN  DISC1  PDLIM5  CCDC141  NFASC  CLASP2  RYK  ZMYM6  MELTF  PLXNB1  RHOBTB3  CASP3  SHROOM1  DACT2  LMTK2  ADCY1  ATP7A  BRWD3  FAT3  PDZD8  RET  NSMF  FRS2  DCHS1  PRTG  MAP1A  AXL  GFRA2  SEMA4C  MAP2K1  SIN3A  ARL13B  COL22A1  SDC2  RAC3  ROBO1  CTNND2  ALCAM  SEMA3E  CDH2  SLC26A5  KIF5B  FEZ2  MAP6  BCL2  KNDC1  RAPH1  DAG1  PEAK1  HEG1  BRSK2  FBXW8  ANAPC2  RIMS2  SYNE3  ADAMTSL1  CDH5  MYADM  NRXN1  FGD6  PAK2  ADGRB1  UNC5C  EXT1  FES  CSF1R  EPHB3  CNTN2  SLIT3  ROBO2  PRKN  SLIT1  DCC  LRRK2  RELN  SEMA4A  NTNG2  EPHB4  LAMB3  ADARB1  PARVA  KIF13B  ZNF335  LPAR1  NTRK1  YTHDF2  SLC9A6  PLXNB3  OPA1  L1CAM  BMPR2  COL15A1  SNX2  ATP10A  ARHGEF28  PLXNA4  EFNA4  TWF2  SHANK3  SRCIN1  PRAG1  PLA2G10  CNTNAP2  PTPRD  SMURF1  LLGL1  ZSWIM4"
0.00483697872030542,544,1319,1.1751569749416,"Plasma membrane bounded cell projection organization "," http://amigo.geneontology.org/amigo/term/GO:0120036"," HECW1  ALS2  FKBP4  ARHGAP33  DVL2  ITGA3  ETV1  USH1C  CDKL3  PAX6  CDKL5  TENM1  SEMA3G  EHD3  CNTN1  WWTR1  HGF  NCDN  SPAST  VIM  SNX1  GRN  IFT88  UBA6  CDH1  DNAH5  MYO16  CUL7  CTNNA1  HSPA5  PREX2  DTNBP1  CC2D2A  PIK3CB  LAMA3  CYFIP2  LAMC2  RASGRF1  CAMK2B  DGKG  PSD  LTK  SEZ6  NTN1  PRKCQ  DIP2B  FGFR2  MYO9A  RHOA  SYT1  ROCK1  HDAC4  NEDD4  SPTB  EXOC5  CAMK2A  EPHA8  CRMP1  MAP3K13  FRY  GLI2  NOTCH3  SEMA3A  SEMA3C  FRYL  PLD1  PTPN23  CAMSAP3  USP33  PAK3  ACTN2  MAP2  OPHN1  CARMIL1  RIMS1  RFX3  CHRNA3  PSEN1  HSP90AA1  MEF2C  LRP2  SEMA5B  GSK3B  ULK2  TNPO1  PIBF1  CYLD  IGSF9  MTMR2  GNAO1  RFX2  LZTS3  SLC23A2  CFAP61  FXYD5  ARHGAP4  MUL1  NRCAM  LAMB1  RPGRIP1  SEMA6A  HDAC6  WHRN  SEMA4G  HSP90AB1  IFT74  JAK2  ABL1  CECR2  MICALL1  TTLL1  MYH9  EP300  NIN  KIAA0586  LGMN  RPS6KA5  TRIP11  NINL  ZMYND8  PTK6  KIF3B  ABCD1  CORO1A  ZNF423  CCDC113  FBXO31  RPGRIP1L  SYT17  CCP110  CEP152  SPG11  FZD3  TUBB4A  MEGF8  PPP2R1A  CACNG7  CRTC1  TTC26  GRB10  COBL  PTPRZ1  WASL  GLI3  TGFBR1  NCS1  SETX  ABHD17B  GATA3  GBF1  PFN1  ABI3  SLC9A3R1  JHY  EHD1  FOLR1  CEP126  CAPRIN2  SLC11A2  TRPV4  CUX2  RAB35  RSPH4A  MAK  TULP1  CILK1  RAB23  WASF1  FIG4  PTK7  SRF  EXOC2  TMEM30A  VEGFA  SEMA5A  DPYSL3  UNC5A  ARL6  UBE3A  WNT5A  HES1  PLXNA1  GORASP1  DNAH1  TTL  TANC1  ITGA4  EFHD1  SOS1  TRAK2  EPHA4  MARK1  TNR  WRAP73  DOCK7  MTR  CDC20  STK11  IFT46  NRP2  CREB1  KLF7  CNR1  SPP1  WDR35  ABITRAM  CNTRL  BBOF1  IFT43  TGFB3  BCL11A  TCTN3  GORAB  CEP89  LHX4  PIK3CA  CXCR4  OCRL  ODF2L  DNAI1  IFT81  NCKAP1L  PLP1  TTC21B  PREX1  SLC12A5  CPNE5  RREB1  RAB17  ABCC4  EFNB2  FLRT3  MKKS  DYNC2I1  AIF1L  FGD3  PODXL  TTBK2  ATP1B2  NECTIN2  KIF1A  ZSWIM6  UNC13A  CAMSAP1  ATXN10  LAMA5  PLXNA3  GFAP  HAUS8  KIF3A  EXOC4  MAP1B  ARFIP2  INPP5K  ATP8A2  POSTN  EPHB2  CHL1  NOTCH2  EMP1  STK26  APC  ADGRB3  CEP162  EPHA7  CAPRIN1  CEP350  PLXNC1  DDX56  DBNL  BLK  SKIL  CDK5RAP2  ENPP2  KIAA0319  FHDC1  NEK1  YAP1  LRRC49  SEMA6D  SPTBN5  FNBP1L  ARL3  KIF20B  EXOC6  HECW2  BBS7  PPFIA2  NEDD1  CCDC65  RB1  IGF1R  NTRK3  IQGAP1  KATNB1  CDH11  CDH13  ADCYAP1  MINK1  CCDC40  CEP131  SMAD4  GRB7  TRPM2  APP  EPHA2  CELSR2  USP21  SEMA6C  VASH2  WDPCP  CPNE9  CNTN4  GOLGA4  PTPRG  SLIT2  ADAMTS16  PLK2  PIK3R1  FBXO38  TNFRSF21  FGD2  TBC1D32  TIAM2  SDK1  EGFR  CEP78  NTRK2  SHC3  NOTCH1  LRRC4C  FEZ1  KIRREL3  TBX6  TAOK2  SCLT1  DPYSL4  CENPJ  GFRA1  GRID2  UHMK1  SPOCK1  SPEF2  DNAI4  NR4A2  DNAAF1  ROBO4  UCHL1  TNIK  FGD5  ZFYVE27  SPAG17  KIF5A  RPGR  NPTN  UNC5D  PDE6D  LRP8  KIT  LCA5L  BRAF  WDR19  PTPDC1  DZIP1L  CUL4B  PPP1R9A  RAPGEF6  IGF2BP1  ARHGAP35  RSPH1  VAV2  PCNT  DIP2A  CFAP157  SPTBN4  BRSK1  WDR90  TBC1D24  SHANK2  DRAXIN  PDPN  GFI1  VANGL2  DISC1  CFAP221  BBS5  PDLIM5  CCDC141  NFASC  CLASP2  RYK  LZTFL1  CFAP100  IFT122  PRKCD  PLXNB1  INTU  ADGRV1  CASP3  IQUB  LMTK2  ADCY1  TMEM67  KIF27  ATP7A  FAT3  FRMD7  TSC1  RET  NSMF  CLMN  CEP57  FRS2  C16orf71  PRTG  PLK1  MAP1A  DNAAF3  C2CD3  ULK4  GFRA2  SEMA4C  TCTN2  MAP2K1  MECP2  ROR2  SIN3A  ARL13B  SDC2  RAC3  ROBO1  CTNND2  ALCAM  SEMA3E  CDH2  KIF5B  MTSS1  FEZ2  ALK  INSR  MAP6  DNAI2  ENC1  BCL2  KNDC1  MBOAT1  CFAP53  RAPH1  IQCB1  DAG1  CSPG4  BRSK2  FBXW8  DCTN2  CKAP5  UNC119B  CCDC57  RTTN  ANAPC2  RIMS2  TMEM80  ANO6  RABEP2  ADAMTSL1  GALNT11  GAK  NRXN1  EXOC3  FGD6  PAK2  CCDC66  CFAP65  ADGRB1  UNC5C  EXT1  CEP97  FES  CSF1R  EPHB3  KREMEN1  DENND5A  CNTN2  SLIT3  ROBO2  INPP5J  PRKN  GPRIN3  ROR1  CFAP73  TMEM17  SLIT1  DCC  ENO4  FSIP2  FBF1  LRRK2  RELN  BLOC1S2  FAT4  SEMA4A  NTNG2  EPHB4  HDAC2  ADARB1  PARVA  KIF13B  ZNF335  LPAR1  NTRK1  SLC9A6  PLXNB3  GRIN3A  OPA1  L1CAM  GPRIN2  BMPR2  SNX2  CFAP44  TENM3  PLXNA4  ATAT1  TUBB  EFNA4  WDR92  CCDC13  TWF2  HAUS5  SHANK3  LYN  GRIN2B  SRCIN1  PRAG1  NDE1  SCARF1  HRAS  PLA2G10  CNTNAP2  TRAPPC4  PTPRD  PRKAR2B  SMURF1  LLGL1  CCDC39  ZSWIM4"
0.00483697872030542,555,1352,1.16965577646559,"Cell projection organization "," http://amigo.geneontology.org/amigo/term/GO:0030030"," HECW1  ALS2  FKBP4  ARHGAP33  DVL2  ITGA3  ETV1  USH1C  CDKL3  DNAH9  PAX6  CDKL5  TENM1  SEMA3G  PRICKLE3  EHD3  CNTN1  WWTR1  HGF  NCDN  SPAST  VIM  SNX1  GRN  IFT88  UBA6  CDH1  DNAH5  MYO16  CUL7  CTNNA1  HSPA5  PREX2  DTNBP1  CC2D2A  PIK3CB  LAMA3  CYFIP2  LAMC2  RASGRF1  CAMK2B  DGKG  PSD  LTK  SEZ6  PKN2  NTN1  PRKCQ  DIP2B  FGFR2  MYO9A  RHOA  SYT1  ROCK1  HDAC4  NEDD4  SPTB  EXOC5  CAMK2A  EPHA8  CRMP1  MAP3K13  FRY  GLI2  NOTCH3  SEMA3A  SEMA3C  FRYL  PLD1  PTPN23  CAMSAP3  USP33  PAK3  ACTN2  MAP2  OPHN1  CARMIL1  RIMS1  RFX3  CHRNA3  PSEN1  HSP90AA1  MEF2C  LRP2  SEMA5B  GSK3B  ULK2  TNPO1  PIBF1  CYLD  IGSF9  MTMR2  GNAO1  RFX2  LZTS3  SLC23A2  CFAP61  FXYD5  ARHGAP4  MUL1  NRCAM  LAMB1  RPGRIP1  SEMA6A  HDAC6  WHRN  SEMA4G  HSP90AB1  IFT74  JAK2  ABL1  CECR2  MICALL1  TTLL1  MYH9  EP300  NIN  KIAA0586  LGMN  RPS6KA5  TRIP11  NINL  ZMYND8  PTK6  KIF3B  ABCD1  CORO1A  ZNF423  CCDC113  FBXO31  RPGRIP1L  SYT17  CCP110  CEP152  SPG11  FZD3  TUBB4A  MEGF8  PPP2R1A  CACNG7  CRTC1  TTC26  GRB10  COBL  PTPRZ1  WASL  GLI3  TGFBR1  NCS1  SETX  ABHD17B  GATA3  GBF1  PFN1  KAT2A  ABI3  SLC9A3R1  JHY  EHD1  FOLR1  CEP126  CAPRIN2  SLC11A2  TRPV4  CUX2  RAB35  RSPH4A  MAK  TULP1  CILK1  RAB23  WASF1  FIG4  PTK7  SRF  EXOC2  TMEM30A  VEGFA  SEMA5A  DPYSL3  UNC5A  ARL6  UBE3A  WNT5A  HES1  PLXNA1  GORASP1  DNAH1  TTL  TANC1  ITGA4  EFHD1  SOS1  TRAK2  EPHA4  MARK1  TNR  WRAP73  DOCK7  MTR  CDC20  STK11  IFT46  NRP2  CREB1  KLF7  CNR1  SPP1  WDR35  ABITRAM  CNTRL  BBOF1  IFT43  TGFB3  BCL11A  TCTN3  GORAB  CEP89  LHX4  PIK3CA  CXCR4  OCRL  ODF2L  DNAI1  IFT81  NCKAP1L  PLP1  TTC21B  PREX1  SLC12A5  CPNE5  RREB1  RAB17  ABCC4  EFNB2  FLRT3  MKKS  DYNC2I1  AIF1L  FGD3  PODXL  TTBK2  ATP1B2  NECTIN2  KIF1A  ZSWIM6  UNC13A  CAMSAP1  ATXN10  LAMA5  PLXNA3  GFAP  HAUS8  KIF3A  EXOC4  MAP1B  ARFIP2  INPP5K  ATP8A2  POSTN  EPHB2  E2F5  CHL1  NOTCH2  EMP1  STK26  APC  ADGRB3  CEP162  EPHA7  CAPRIN1  CEP350  PLXNC1  DDX56  DBNL  ERMN  BLK  SKIL  CDK5RAP2  ENPP2  KIAA0319  FHDC1  NEK1  YAP1  LRRC49  SEMA6D  SPTBN5  FNBP1L  ARL3  KIF20B  EXOC6  HECW2  BBS7  PPFIA2  NEDD1  CCDC65  RB1  AK7  IGF1R  NTRK3  IQGAP1  KATNB1  CDH11  CDH13  ADCYAP1  MINK1  CCDC40  CEP131  SMAD4  GRB7  TRPM2  APP  WTIP  EPHA2  CELSR2  USP21  SEMA6C  VASH2  WDPCP  CPNE9  CNTN4  GOLGA4  PTPRG  SLIT2  ADAMTS16  PLK2  PIK3R1  FBXO38  TNFRSF21  FGD2  TBC1D32  TIAM2  SDK1  EGFR  CEP78  NTRK2  SHC3  LCN2  NOTCH1  LRRC4C  FEZ1  KIRREL3  TBX6  TAOK2  SCLT1  DPYSL4  CENPJ  GFRA1  GRID2  UHMK1  SPOCK1  SPEF2  DNAI4  NR4A2  DNAAF1  ROBO4  UCHL1  TNIK  FGD5  ZFYVE27  SPAG17  KIF5A  RPGR  NPTN  UNC5D  PDE6D  LRP8  KIT  LCA5L  BRAF  WDR19  PTPDC1  DZIP1L  CUL4B  PPP1R9A  RAPGEF6  IGF2BP1  ARHGAP35  RSPH1  VAV2  PCNT  DIP2A  CFAP157  SPTBN4  BRSK1  WDR90  TBC1D24  SHANK2  DRAXIN  PDPN  GFI1  VANGL2  DISC1  CFAP221  BBS5  PDLIM5  CCDC141  NFASC  CLASP2  RYK  LZTFL1  CFAP100  IFT122  PRKCD  PLXNB1  INTU  POC1A  ADGRV1  CASP3  IQUB  LMTK2  ADCY1  TMEM67  KIF27  ATP7A  FAT3  FRMD7  TSC1  RET  NSMF  CLMN  CEP57  RAB8B  FRS2  C16orf71  PRTG  PLK1  MAP1A  DNAAF3  C2CD3  ULK4  GFRA2  SEMA4C  TCTN2  MAP2K1  MECP2  ROR2  SIN3A  ARL13B  SDC2  RAC3  ROBO1  CTNND2  ALCAM  SEMA3E  CDH2  KIF5B  MTSS1  FEZ2  ALK  INSR  MAP6  DNAI2  ENC1  BCL2  KNDC1  MBOAT1  CFAP53  RAPH1  IQCB1  DAG1  CSPG4  BRSK2  FBXW8  DCTN2  CKAP5  UNC119B  CCDC57  RTTN  ANAPC2  RIMS2  TMEM80  ANO6  RABEP2  ADAMTSL1  GALNT11  GAK  NRXN1  EXOC3  FGD6  PAK2  CCDC66  CFAP65  ADGRB1  UNC5C  EXT1  CEP97  FES  CSF1R  EPHB3  KREMEN1  DENND5A  CNTN2  SLIT3  ROBO2  INPP5J  PRKN  GPRIN3  ROR1  CFAP73  TMEM17  SLIT1  DCC  ENO4  FSIP2  FBF1  LRRK2  RELN  BLOC1S2  FAT4  SEMA4A  NTNG2  EPHB4  HDAC2  ADARB1  PARVA  KIF13B  ZNF335  LPAR1  NTRK1  SLC9A6  PLXNB3  GRIN3A  OPA1  L1CAM  GPRIN2  BMPR2  SNX2  CFAP44  TENM3  PLXNA4  ATAT1  TUBB  EFNA4  WDR92  CCDC13  TWF2  HAUS5  SHANK3  LYN  GRIN2B  SRCIN1  PRAG1  NDE1  SCARF1  HRAS  PLA2G10  CNTNAP2  TRAPPC4  PTPRD  PRKAR2B  SMURF1  LLGL1  CCDC39  ZSWIM4"
0.017908356559594,389,950,1.16672304069226,"Neuron development "," http://amigo.geneontology.org/amigo/term/GO:0048666"," HECW1  ALS2  FKBP4  ARHGAP33  DVL2  ITGA3  ETV1  USH1C  CDKL3  PAX6  SYN1  CDKL5  TENM1  SEMA3G  CNTN1  HGF  NCDN  SPAST  VIM  GRN  IFT88  UBA6  CDH1  MYO16  CUL7  CTNNA1  HSPA5  PREX2  DTNBP1  PIK3CB  LAMA3  CYFIP2  LAMC2  RASGRF1  CAMK2B  DGKG  PSD  LTK  SEZ6  NTN1  PRKCQ  DIP2B  FGFR2  MYO9A  RHOA  SYT1  ROCK1  NEDD4  SPTB  GBA2  CAMK2A  EPHA8  CRMP1  MAP3K13  FRY  GLI2  NOTCH3  SEMA3A  SEMA3C  FRYL  CAMSAP3  USP33  PAK3  MAP2  SLC1A3  OPHN1  RIMS1  CHRNA3  PSEN1  HSP90AA1  MEF2C  LRP2  SEMA5B  GSK3B  ULK2  IGSF9  MTMR2  GNAO1  LZTS3  SLC23A2  ARHGAP4  MUL1  NRCAM  LAMB1  RPGRIP1  SEMA6A  HDAC6  WHRN  SEMA4G  HSP90AB1  JAK2  ABL1  CECR2  MICALL1  XBP1  EP300  NIN  RPS6KA5  TRIP11  ZMYND8  PTK6  FBXO31  RPGRIP1L  SYT17  SPG11  FZD3  MEGF8  CACNG7  CRTC1  PBX4  GRB10  COBL  PTPRZ1  WASL  GLI3  NCS1  SETX  GATA3  ABI3  SLC9A3R1  EHD1  FOLR1  CAPRIN2  SLC11A2  TRPV4  CUX2  RAB35  TULP1  WASF1  FIG4  PTK7  SRF  TMEM30A  VEGFA  SEMA5A  DPYSL3  UNC5A  UBE3A  WNT5A  HES1  PLXNA1  GORASP1  TTL  ITGA4  EFHD1  SOS1  TRAK2  EPHA4  MARK1  TNR  DOCK7  MTR  CDC20  STK11  NRP2  CREB1  KLF7  CNR1  SPP1  ABITRAM  BCL11A  KCNIP2  LHX4  PIK3CA  CXCR4  NCKAP1L  PLP1  PREX1  SLC12A5  CPNE5  RAB17  EFNB2  FLRT3  ATP1B2  KIF1A  ZSWIM6  UNC13A  CAMSAP1  ATXN10  LAMA5  PLXNA3  GFAP  PPT1  MAP1B  UNK  ATP8A2  POSTN  EPHB2  CHL1  NOTCH2  AGTPBP1  ADGRB3  EPHA7  CAPRIN1  SCYL2  PLXNC1  EDNRB  DDX56  DBNL  BLK  SKIL  KIAA0319  SEMA6D  SPTBN5  ARL3  KIF20B  HECW2  PPFIA2  RB1  SRRM4  NTRK3  IQGAP1  KATNB1  CDH11  ADCYAP1  MINK1  SMAD4  GRB7  APP  EPHA2  CELSR2  USP21  SEMA6C  VASH2  WDPCP  CPNE9  CNTN4  GOLGA4  PTPRG  SLIT2  PLK2  PIK3R1  FBXO38  TNFRSF21  TIAM2  SDK1  EGFR  NTRK2  SHC3  NOTCH1  CDHR1  LRRC4C  TENM4  FEZ1  KIRREL3  TBX6  TAOK2  THRB  SCLT1  DPYSL4  GFRA1  GRID2  UHMK1  SPOCK1  NR4A2  ROBO4  UCHL1  TNIK  ZFYVE27  KIF5A  NPTN  UNC5D  LRP8  BRAF  CUL4B  PPP1R9A  IGF2BP1  ARHGAP35  DIP2A  SPTBN4  BRSK1  TBC1D24  SHANK2  DRAXIN  GFI1  DISC1  PDLIM5  CCDC141  NFASC  CLASP2  RYK  PLXNB1  MFSD8  ADGRV1  CASP3  LMTK2  ADCY1  ATP7A  FAT3  FRMD7  TSC1  RET  NSMF  CLMN  FRS2  PRTG  MAP1A  ULK4  GFRA2  SEMA4C  MAP2K1  MECP2  ROR2  SIN3A  SDC2  RAC3  ROBO1  CTNND2  ALCAM  SEMA3E  DCLK2  CDH2  KIF5B  FEZ2  ALK  MAP6  ENC1  BCL2  KNDC1  MBOAT1  RAPH1  DAG1  BRSK2  FBXW8  ANAPC2  RIMS2  ADAMTSL1  GAK  NRXN1  TH  PAK2  ADGRB1  UNC5C  EXT1  FES  CSF1R  EPHB3  KREMEN1  DENND5A  CNTN2  SLIT3  ROBO2  INPP5J  PRKN  GPRIN3  ROR1  AGBL4  FSCN2  SLIT1  DCC  LRRK2  RELN  BLOC1S2  FAT4  SEMA4A  NTNG2  EPHB4  HDAC2  ADARB1  KIF13B  ZNF335  LPAR1  NTRK1  SLC9A6  PLXNB3  GRIN3A  OPA1  L1CAM  GPRIN2  BMPR2  TENM3  PLXNA4  ATAT1  SLC44A4  EFNA4  TWF2  SHANK3  LYN  SRCIN1  PRAG1  SCARF1  PLA2G10  CNTNAP2  TRAPPC4  PTPRD  SMURF1  LLGL1  NRL  ZSWIM4"
0.0314908132676551,457,1139,1.14323168999223,"Neuron differentiation "," http://amigo.geneontology.org/amigo/term/GO:0030182"," HECW1  ALS2  FKBP4  ARHGAP33  DVL2  ITGA3  ETV1  USH1C  CDKL3  PROM1  PAX6  SYN1  CDKL5  TENM1  SEMA3G  CNTN1  HGF  NCDN  SPAST  VIM  GRN  IFT88  UBA6  CDH1  MYO16  USH2A  CUL7  CTNNA1  HSPA5  PREX2  DTNBP1  PIK3CB  NNAT  LAMA3  CYFIP2  LAMC2  RASGRF1  CAMK2B  DGKG  PSD  LTK  SEZ6  CDON  NTN1  PRKCQ  DIP2B  KDM4A  ASPM  FGFR2  MYO9A  RHOA  SYT1  ROCK1  SDK2  NEDD4  SPTB  GBA2  CAMK2A  EPHA8  CRMP1  MAP3K13  FRY  GLI2  NOTCH3  SEMA3A  SEMA3C  FRYL  CAMSAP3  USP33  PAK3  MAP2  SLC1A3  OPHN1  RIMS1  CHRNA3  PSEN1  HSP90AA1  MEF2C  LRP2  SEMA5B  GSK3B  ULK2  NCOA1  IGSF9  MTMR2  GNAO1  LZTS3  XRN2  SLC23A2  LHX5  ARHGAP4  MUL1  NRCAM  LAMB1  RPGRIP1  SEMA6A  HDAC6  WHRN  SEMA4G  HSP90AB1  JAK2  ABL1  CECR2  MICALL1  XBP1  TTLL1  EP300  NIN  HIF1A  RPS6KA5  TRIP11  ZMYND8  PTK6  SNPH  JAG1  MIB1  FBXO31  RPGRIP1L  SYT17  SPG11  FZD3  EYA1  ESRP1  NAPA  MEGF8  CACNG7  CRTC1  PBX4  MET  GRB10  COBL  PTPRZ1  WASL  GLI3  TGFBR1  KDM4C  NCS1  SETX  GATA3  SUFU  SLC6A4  ABI3  SLC9A3R1  EHD1  PRPF19  FOLR1  CAPRIN2  SLC11A2  TRPV4  CUX2  RAB35  TULP1  MDGA1  WASF1  FIG4  PTK7  SRF  TMEM30A  VEGFA  SEMA5A  DPYSL3  UNC5A  BCL6  UBE3A  WNT5A  HES1  ECT2  PLXNA1  GORASP1  TTL  ITGA4  EFHD1  SOS1  TRAK2  EPHA4  MARK1  TNR  CHD5  DOCK7  MTR  CDC20  STK11  NRP2  CREB1  KLF7  CNR1  SPP1  SATB2  ABITRAM  BCL11A  KCNIP2  SOCS2  LHX4  PIK3CA  CXCR4  NCKAP1L  PLP1  TTC21B  ACSL3  PREX1  SLC12A5  PIGT  CPNE5  RUNX2  RAB17  EFNB2  MED1  FLRT3  RNF112  ATP1B2  KIF1A  ZSWIM6  UNC13A  CAMSAP1  ATXN10  LAMA5  PLXNA3  GFAP  PPT1  MAP1B  UNK  ATP8A2  POSTN  EPHB2  SPINK5  CHL1  NOTCH2  AGTPBP1  DTX1  ADGRB3  EPHA7  CAPRIN1  HEY2  SCYL2  PLXNC1  EDNRB  DDX56  DBNL  BLK  SKIL  CDK5RAP2  KIAA0319  SEMA6D  SPTBN5  ARL3  KIF20B  HECW2  PPFIA2  RB1  SRRM4  DUOXA1  NTRK3  IQGAP1  SH3GL3  NKD1  ZFHX3  KATNB1  CDH11  ADCYAP1  MINK1  SMAD4  GRB7  APP  EPHA2  CELSR2  USP21  SEMA6C  VASH2  WDPCP  MEIS1  CPNE9  CNTN4  GOLGA4  PTPRG  SLIT2  PLK2  PIK3R1  FBXO38  TNFRSF21  TIAM2  SDK1  EGFR  NLGN4X  NTRK2  SHC3  NOTCH1  CDHR1  LRRC4C  TENM4  FEZ1  KIRREL3  TBX6  TAOK2  THRB  EIF4E  SCLT1  DPYSL4  GFRA1  GRID2  UHMK1  SPOCK1  NR4A2  ROBO4  UCHL1  TNIK  ZFYVE27  KIF5A  NPTN  UNC5D  AIFM1  ATP2B2  LRP8  BRAF  CUL4B  PPP1R9A  IGF2BP1  ARHGAP35  DIP2A  SPTBN4  BRSK1  TBC1D24  SHANK2  DRAXIN  WNT4  GFI1  VCAM1  DISC1  PDLIM5  ERCC3  HIPK1  CCDC141  NFASC  CLASP2  RYK  PLXNB1  MFSD8  PITX2  ADGRV1  CASP3  TENT2  TBX20  LMTK2  ADCY1  ATP7A  FAT3  FRMD7  TSC1  RET  NSMF  CLMN  FRS2  PRTG  MAP1A  TRAPPC9  ULK4  GFRA2  STAT3  SEMA4C  MAP2K1  MECP2  ROR2  SIN3A  SDC2  RAC3  ROBO1  CTNND2  WNT10B  ALCAM  SEMA3E  DCLK2  CDH2  IRX2  KIF5B  FEZ2  ALK  MAP6  ENC1  BCL2  KNDC1  MBOAT1  RAPH1  DAG1  BRSK2  FBXW8  ANAPC2  RIMS2  ADAMTSL1  GAK  NRXN1  TH  PAK2  ADGRB1  UNC5C  EXT1  FES  CSF1R  EPHB3  KREMEN1  DENND5A  CNTN2  SLIT3  JAG2  ROBO2  INPP5J  PRKN  GPRIN3  ROR1  AGBL4  FSCN2  SLIT1  DCC  LRRK2  RELN  BLOC1S2  FAT4  SEMA4A  NTNG2  EPHB4  HDAC2  ADARB1  KIF13B  ZNF335  LPAR1  NTRK1  SLC9A6  LDB1  PLXNB3  GRIN3A  ZNF521  OPA1  L1CAM  GIGYF2  GPRIN2  BMPR2  DISP3  TENM3  PLXNA4  ATAT1  SLC44A4  EFNA4  ETV5  TWF2  SHANK3  LYN  SRCIN1  PRAG1  SCARF1  WNT9B  PLA2G10  CNTNAP2  TRAPPC4  LRP6  PTPRD  SMURF1  LLGL1  NRL  ZSWIM4"
0.0271117429760457,501,1254,1.13836613575373,"Generation of neurons "," http://amigo.geneontology.org/amigo/term/GO:0048699"," HECW1  ALS2  FKBP4  ARHGAP33  DVL2  ITGA3  TMEM98  ETV1  USH1C  CDKL3  PROM1  PAX6  TEAD3  SYN1  CDKL5  TENM1  SEMA3G  UFL1  CNTN1  HGF  NCDN  SPAST  VIM  TNFRSF1B  GRN  IFT88  UBA6  CDH1  MYO16  USH2A  CUL7  CTNNA1  HSPA5  PREX2  DTNBP1  PIK3CB  NNAT  LAMA3  CYFIP2  LAMC2  RASGRF1  CAMK2B  DGKG  PSD  LTK  SEZ6  CDON  NTN1  SPEN  PRKCQ  DIP2B  KDM4A  ASPM  FGFR2  MYO9A  RHOA  SYT1  ROCK1  SDK2  NEDD4  SPTB  GBA2  CAMK2A  EPHA8  CRMP1  MAP3K13  FRY  GLI2  NOTCH3  SEMA3A  SEMA3C  CELSR1  FRYL  CAMSAP3  USP33  PAK3  MAP2  SLC1A3  OPHN1  RIMS1  DCT  CHRNA3  PSEN1  HSP90AA1  MEF2C  LRP2  SEMA5B  GSK3B  ULK2  NCOA1  IGSF9  MTMR2  GNAO1  LZTS3  XRN2  SLC23A2  LHX5  ARHGAP4  MUL1  NRCAM  LAMB1  RPGRIP1  SEMA6A  HDAC6  WHRN  SEMA4G  HSP90AB1  JAK2  ABL1  CECR2  MICALL1  XBP1  TTLL1  EP300  PRMT5  NIN  HIF1A  RPS6KA5  TRIP11  ZMYND8  PTK6  SNPH  JAG1  E2F1  MIB1  FBXO31  RPGRIP1L  SYT17  SPG11  FZD3  EYA1  ESRP1  TGFB1  NAPA  MEGF8  CACNG7  CRTC1  PBX4  MET  GRB10  COBL  PTPRZ1  WASL  GLI3  TGFBR1  KDM4C  NCS1  SETX  GATA3  SUFU  SLC6A4  ABI3  SLC9A3R1  EHD1  PRPF19  FOLR1  CAPRIN2  SLC11A2  TRPV4  CUX2  RAB35  CEP85L  TULP1  MDGA1  WASF1  FIG4  PTK7  SRF  TMEM30A  VEGFA  SEMA5A  DPYSL3  UNC5A  BCL6  UBE3A  WNT5A  HES1  ECT2  PLXNA1  GORASP1  TTL  ITGA4  EFHD1  SOS1  TRAK2  EPHA4  MARK1  TNR  CHD5  DOCK7  MTR  CDC20  STK11  NRP2  CREB1  KLF7  CNR1  MYB  SPP1  SATB2  ABITRAM  BCL11A  KCNIP2  HOXB3  SOCS2  LHX4  PIK3CA  CXCR4  CIT  NCKAP1L  PLP1  TTC21B  ACSL3  PREX1  SLC12A5  PIGT  CPNE5  RUNX2  RAB17  EFNB2  MED1  FLRT3  RNF112  ELL3  ATP1B2  KIF1A  ZSWIM6  UNC13A  CAMSAP1  ATXN10  LAMA5  PLXNA3  GFAP  PPT1  MAP1B  PPARG  PER2  UNK  ATP8A2  POSTN  EPHB2  SPINK5  CHL1  NOTCH2  IL6ST  SOX5  DAGLA  AGTPBP1  DTX1  ADGRB3  EPHA7  CAPRIN1  HEY2  SERPINE2  SCYL2  PLXNC1  EDNRB  DDX56  DBNL  BLK  SKIL  CDK5RAP2  KIAA0319  SORL1  YAP1  SEMA6D  SPTBN5  ARL3  KIF20B  HECW2  PPFIA2  RB1  SRRM4  DUOXA1  NTRK3  IQGAP1  SH3GL3  NKD1  ZFHX3  KATNB1  CDH11  ADCYAP1  MINK1  SMAD4  GRB7  APP  EPHA2  CELSR2  USP21  PRUNE1  SEMA6C  VASH2  WDPCP  MEIS1  HES6  CPNE9  CNTN4  GOLGA4  PTPRG  SLIT2  METTL14  PLK2  PIK3R1  FBXO38  TNFRSF21  DAAM2  TTBK1  TIAM2  SDK1  EGFR  NLGN4X  NTRK2  SHC3  ASTN2  NOTCH1  CDHR1  LRRC4C  TENM4  FEZ1  KIRREL3  TBX6  TAOK2  ADGRL3  THRB  EIF4E  SCLT1  DPYSL4  GFRA1  ASTN1  GRID2  UHMK1  SPOCK1  NR4A2  ROBO4  UCHL1  TNIK  SH3RF1  ZFYVE27  KIF5A  NPTN  UNC5D  AIFM1  ATP2B2  LRP8  KIT  BRAF  CUL4B  PPP1R9A  SYNJ1  IGF2BP1  ARHGAP35  DIP2A  SPTBN4  BRSK1  RACGAP1  TBC1D24  SHANK2  DRAXIN  WNT4  GFI1  VCAM1  DISC1  PDLIM5  ERCC3  HIPK1  CCDC141  NFASC  CLASP2  RYK  PLXNB1  MFSD8  PITX2  ADGRV1  CASP3  TENT2  TBX20  DAGLB  LMTK2  ADCY1  ATP7A  FAT3  FRMD7  TSC1  RET  NSMF  CLMN  FRS2  PRTG  MAP1A  AXL  TRAPPC9  ULK4  HOOK3  COL3A1  GFRA2  STAT3  SEMA4C  MAP2K1  MECP2  ROR2  SIN3A  SDC2  RAC3  ROBO1  CTNND2  WNT10B  ALCAM  SEMA3E  DCLK2  CDH2  IRX2  KIF5B  FEZ2  ALK  CHD7  MAP6  ENC1  BCL2  KNDC1  MBOAT1  RAPH1  DAG1  BRSK2  FBXW8  ANAPC2  RIMS2  ADAMTSL1  GAK  NRXN1  TH  ZNF609  PAK2  PLAG1  ADGRB1  UNC5C  EXT1  FES  CSF1R  EPHB3  KREMEN1  DENND5A  CNTN2  SLIT3  JAG2  ROBO2  INPP5J  PRKN  GPRIN3  ROR1  AGBL4  FSCN2  SLIT1  DCC  LRRK2  RELN  BLOC1S2  FAT4  SEMA4A  NTNG2  EPHB4  MME  HDAC2  ADARB1  KIF13B  ZNF335  LPAR1  NTRK1  YTHDF2  SLC9A6  LDB1  PLXNB3  GRIN3A  ZNF521  OPA1  L1CAM  GIGYF2  GPRIN2  BMPR2  DISP3  TENM3  PLXNA4  ATAT1  SLC44A4  EFNA4  ETV5  TWF2  SHANK3  LYN  SRCIN1  PRAG1  SCARF1  WNT9B  PLA2G10  CNTNAP2  TRAPPC4  LRP6  PTPRD  SMURF1  LLGL1  NRL  ZSWIM4"
0.0312402291040662,534,1345,1.13125562359531,"Neurogenesis "," http://amigo.geneontology.org/amigo/term/GO:0022008"," HECW1  ALS2  FKBP4  ARHGAP33  DVL2  ITGA3  TMEM98  ETV1  USH1C  CDKL3  PROM1  PAX6  TEAD3  SYN1  CDKL5  ADAM22  TENM1  CD9  SEMA3G  UFL1  CNTN1  HGF  NCDN  SPAST  VIM  TNFRSF1B  GRN  IFT88  UBA6  CDH1  MYO16  USH2A  CUL7  CTNNA1  HSPA5  PREX2  DTNBP1  PIK3CB  NNAT  LAMA3  CYFIP2  LAMC2  RASGRF1  CAMK2B  DGKG  PSD  LTK  SEZ6  CDON  NTN1  ERBB3  SPEN  PRKCQ  DIP2B  KDM4A  ASPM  FGFR2  MYO9A  RHOA  SYT1  NAV3  ROGDI  ROCK1  SDK2  NUP133  NEDD4  SPTB  GBA2  CAMK2A  EPHA8  WDR1  CRMP1  MAP3K13  FRY  GLI2  NOTCH3  SEMA3A  SEMA3C  CELSR1  FRYL  WDR62  CAMSAP3  USP33  PAK3  MAP2  SLC1A3  OPHN1  RIMS1  DCT  CHRNA3  PSEN1  HSP90AA1  MEF2C  LRP2  SEMA5B  GSK3B  ULK2  GSTP1  NCOA1  IGSF9  MTMR2  GNAO1  LZTS3  XRN2  SLC23A2  LHX5  ARHGAP4  MUL1  NRCAM  LAMB1  RPGRIP1  SEMA6A  HDAC6  WHRN  SEMA4G  HSP90AB1  JAK2  ABL1  CECR2  MICALL1  XBP1  TTLL1  EP300  PRMT5  NIN  HIF1A  RPS6KA5  TRIP11  ZMYND8  PTK6  SNPH  JAG1  E2F1  MIB1  FBXO31  RPGRIP1L  SYT17  SPG11  FZD3  EYA1  ESRP1  PRX  TGFB1  NAPA  MEGF8  CACNG7  CRTC1  PBX4  MET  GRB10  COBL  PTPRZ1  WASL  GLI3  SLC1A1  TGFBR1  KDM4C  NCS1  SETX  ABCA2  GATA3  SUFU  SLC6A4  ABI3  SLC9A3R1  EHD1  PRPF19  FOLR1  SOX6  CAPRIN2  SLC11A2  TRPV4  CUX2  RAB35  CEP85L  TULP1  MDGA1  WASF1  FIG4  ADGRG6  PTK7  SRF  TMEM30A  VEGFA  SEMA5A  DPYSL3  UNC5A  BCL6  UBE3A  WNT5A  HES1  ECT2  PLXNA1  GORASP1  TTL  ITGA4  EFHD1  SOS1  TRAK2  EPHA4  MARK1  TNR  CHD5  DOCK7  MTR  CDC20  STK11  NRP2  CREB1  KLF7  CNR1  MYB  SPP1  SATB2  ABITRAM  BCL11A  KCNIP2  HOXB3  SOCS2  LHX4  PIK3CA  CXCR4  CIT  NCKAP1L  PLP1  TTC21B  ACSL3  PREX1  SLC12A5  PIGT  CPNE5  RUNX2  RAB17  MYRF  EFNB2  MED1  FLRT3  RNF112  ELL3  ATP1B2  KIF1A  ZSWIM6  UNC13A  CAMSAP1  ATXN10  LAMA5  PLXNA3  GFAP  PPT1  MAP1B  PPARG  PER2  UNK  ATP8A2  POSTN  EPHB2  BTBD2  SPINK5  CHL1  NOTCH2  IL6ST  SOX5  DAGLA  ANXA1  AGTPBP1  P2RX4  DTX1  ADGRB3  EPHA7  CAPRIN1  HEY2  SERPINE2  SCYL2  PLXNC1  EDNRB  DDX56  DBNL  BLK  SKIL  CDK5RAP2  KIAA0319  GCM1  SORL1  YAP1  SEMA6D  SPTBN5  ARL3  KIF20B  NAB1  HECW2  PPFIA2  RB1  SRRM4  DUOXA1  NTRK3  IQGAP1  SH3GL3  NKD1  ZFHX3  KATNB1  CDH11  ADCYAP1  MINK1  SMAD4  GRB7  APP  EPHA2  CELSR2  USP21  PRUNE1  SEMA6C  VASH2  SOX13  WDPCP  MEIS1  HES6  CPNE9  CNTN4  GOLGA4  PTPRG  SLIT2  EIF2B5  METTL14  PLK2  PIK3R1  FBXO38  TNFRSF21  DAAM2  TTBK1  TIAM2  SDK1  EGFR  NLGN4X  NTRK2  SHC3  ASTN2  NOTCH1  CDHR1  LRRC4C  TENM4  FEZ1  KIRREL3  TBX6  TAOK2  ADGRL3  THRB  EIF4E  SCLT1  DPYSL4  GFRA1  ASTN1  GRID2  UHMK1  SPOCK1  PRDM8  NR4A2  ROBO4  UCHL1  TNIK  SH3RF1  ZFYVE27  KIF5A  NPTN  UNC5D  AIFM1  ATP2B2  LRP8  MMP14  KIT  BRAF  CUL4B  PPP1R9A  SYNJ1  IGF2BP1  ARHGAP35  DIP2A  SPTBN4  BRSK1  RACGAP1  TBC1D24  SHANK2  DRAXIN  WNT4  GFI1  VCAM1  NCSTN  DISC1  PDLIM5  ERCC3  HIPK1  CCDC141  HDAC11  NFASC  CLASP2  RYK  PLXNB1  MFSD8  PITX2  ADGRV1  CASP3  TENT2  TBX20  DAGLB  LMTK2  ADCY1  ATP7A  FAT3  FRMD7  TSC1  RET  NSMF  CLMN  FRS2  DCHS1  PRTG  MAP1A  AXL  TRAPPC9  ULK4  HOOK3  COL3A1  GFRA2  STAT3  SEMA4C  MAP2K1  MECP2  ROR2  SIN3A  SDC2  RAC3  ROBO1  CTNND2  WNT10B  ALCAM  SEMA3E  DCLK2  CDH2  IRX2  KIF5B  FEZ2  ALK  CHD7  MAP6  ENC1  BCL2  KNDC1  MBOAT1  RAPH1  DAG1  CSPG4  BRSK2  FBXW8  ANAPC2  RIMS2  ADAMTSL1  GAK  NRXN1  TH  ZNF609  PAK2  PLAG1  ADGRB1  UNC5C  EXT1  BACE2  FES  CSF1R  EPHB3  GRIN2A  KREMEN1  DENND5A  CNTN2  SLIT3  MED12  JAG2  ROBO2  INPP5J  PRKN  GPRIN3  ROR1  AGBL4  FSCN2  SLIT1  DCC  LRRK2  RELN  BLOC1S2  FAT4  SEMA4A  NTNG2  EPHB4  MME  HDAC2  ADARB1  KIF13B  ZNF335  LPAR1  NTRK1  YTHDF2  SLC9A6  LDB1  PLXNB3  GRIN3A  ZNF521  OPA1  L1CAM  GIGYF2  GPRIN2  BMPR2  DISP3  TENM3  PPP3R1  PLXNA4  ATAT1  SLC44A4  EFNA4  ETV5  TWF2  SHANK3  LYN  SRCIN1  PRAG1  SCARF1  WNT9B  PLA2G10  MBOAT7  CNTNAP2  TRAPPC4  LRP6  PTPRD  SMURF1  LLGL1  NRL  ZSWIM4"
0.00741457184140954,769,1937,1.13119765860828,"Nervous system development "," http://amigo.geneontology.org/amigo/term/GO:0007399"," CYP51A1  HECW1  ALS2  FKBP4  ARHGAP33  DVL2  ITGA3  TMEM98  KDM7A  ETV1  USH1C  CDKL3  PROM1  PAX6  TEAD3  SYN1  JARID2  CDKL5  ADAM22  TENM1  CD9  SEMA3G  DPF1  UFL1  CNTN1  WWTR1  ATP1A2  HGF  NCDN  SPAST  VIM  TNFRSF1B  GRN  IFT88  UBA6  CDH1  DNAH5  MYO16  USH2A  TG  CUL7  CTNNA1  HSPA5  PREX2  DTNBP1  CC2D2A  FOXP3  PIK3CB  NNAT  LAMA3  CYFIP2  LAMC2  RASGRF1  CAMK2B  ATP2B4  DGKG  PSD  LTK  SEZ6  CDON  NTN1  ERBB3  SPEN  PRKCQ  DIP2B  KDM4A  ASPM  FGFR2  KIF26A  MYO9A  RHOA  SYT1  NAV3  ROGDI  ROCK1  HDAC4  KIF2A  SDK2  NUP133  NEDD4  SPTB  GBA2  NDST1  CAMK2A  EPHA8  WDR1  RPS6KA6  FBXW11  CRMP1  MAP3K13  FRY  GLI2  NOTCH3  SEMA3A  SEMA3C  CELSR1  ADD2  FRYL  WDR62  GPC4  CAMSAP3  CTTNBP2  USP33  PAK3  ITGA8  MAP2  ACER3  SYNJ2  RBFOX1  SLC1A3  CIC  PAFAH1B3  OPHN1  RIMS1  DCT  SCTR  CHRNA3  PSEN1  HSP90AA1  MEF2C  LRP2  SEMA5B  GSK3B  ULK2  GRHL2  OXCT1  GSTP1  NCOA1  IGSF9  CHERP  MTMR2  ACHE  GNAO1  ATRN  LZTS3  XRN2  SLC23A2  LHX5  ARHGAP4  MUL1  AARS1  NRCAM  LAMB1  HECTD1  RPGRIP1  SEMA6A  TYRO3  HDAC6  WHRN  SEMA4G  EFHC1  HSP90AB1  JAK2  ABL1  RAB18  SETD1A  CECR2  MICALL1  CCDC134  XBP1  TTLL1  ARSA  EP300  PRMT5  NIN  HIF1A  MTHFD1  RPS6KA5  TRIP11  CHD8  GSS  ZMYND8  PTK6  SNPH  JAG1  E2F1  MIB1  ABCD1  SRPX2  FGF14  ZNF423  FBXO31  RPGRIP1L  SYT17  SPG11  FZD3  EYA1  ESRP1  SLC17A7  PRX  APLP1  TGFB1  NAPA  MEIS3  MEGF8  CACNG7  MAST1  CRTC1  PBX4  DNAH11  MET  HOXA3  GRB10  COBL  CASP2  PTPRZ1  WASL  PLOD3  GLI3  SLC1A1  FKTN  TGFBR1  KDM4C  NCS1  SETX  ABCA2  GATA3  SUFU  RGS9  PFN1  SLC6A4  KAT2A  ABI3  EZH1  SLC9A3R1  JHY  EHD1  NRXN2  PRPF19  FOLR1  AMBRA1  SOX6  CAPRIN2  SLC11A2  TRPV4  CUX2  RAB35  CEP85L  PPARD  TULP1  MDGA1  WASF1  FIG4  ADGRG6  PPP2R5D  PTK7  SRF  TMEM30A  VEGFA  SEMA5A  HMGCR  ST8SIA4  DPYSL3  UNC5A  CNTN3  BCL6  UBE3A  WNT5A  FGF12  HES1  ECT2  GNB4  PLXNA1  GORASP1  ADAM23  TTL  PIKFYVE  ITGA4  EFHD1  ABCB6  RAB3GAP1  SLC25A12  SOS1  TRAK2  EPHA4  MARK1  TNR  CHD5  STXBP3  DOCK7  MTR  CDC20  ARID1A  CENPF  STK11  KIF14  NRP2  CREB1  KLF7  CNR1  MYB  SPP1  PCDH17  SATB2  GDA  ABITRAM  MAPKAP1  BCL11A  KCNIP2  HOXB8  HOXB3  GORAB  UFM1  SOCS2  LHX4  PIK3CA  CXCR4  CNTFR  CIT  NCKAP1L  PLP1  TTC21B  ACSL3  PREX1  SLC12A5  PIGT  CPNE5  NRN1  RUNX2  RAB17  MYRF  EFNB2  PAX8  MED1  FLRT3  MKKS  PRKCG  SMARCA4  GAL3ST1  RNF112  FOXP2  TMOD2  TTBK2  ELL3  ATP1B2  KIF1A  ZSWIM6  UNC13A  CAMSAP1  ATXN10  LAMA5  NPAS1  PLXNA3  GFAP  PPT1  LRRC4B  MAP1B  SLC6A11  PPARG  PER2  UNK  BCAN  ATP8A2  CHRM3  POSTN  EPHB2  BTBD2  SPINK5  SBF2  MEN1  CHL1  GSTM3  NOTCH2  SLC38A2  LPIN1  IL6ST  SOX5  DAGLA  APC  ANXA1  AGTPBP1  TBX3  P2RX4  DTX1  ADGRB3  EPHA7  CAPRIN1  ACVR1B  HEY2  PAX3  SERPINE2  SCYL2  PLXNC1  EDNRB  IGF2BP3  BZW2  DDX56  DBNL  SCN2A  BLK  SKIL  CDK5RAP2  ANP32B  CTSV  TMEM14B  KIAA0319  GCM1  SORL1  YAP1  SEMA6D  SPTBN5  TTLL7  ARL3  KIF20B  NAB1  HECW2  BBS7  EGF  COL2A1  PPFIA2  BRCA2  RB1  SRRM4  DUOXA1  DUOX2  NTRK3  IQGAP1  SH3GL3  NKD1  ZFHX3  KATNB1  CDH11  ADCYAP1  MINK1  SMAD4  GRB7  SH3GL1  APP  EPHA2  SYPL2  CELSR2  TBX19  UFC1  USP21  PRUNE1  SEMA6C  VASH2  SOX13  WDPCP  MEIS1  HES6  CPNE9  FANCD2  CNTN4  GOLGA4  PTPRG  SLIT2  EIF2B5  SNCA  SPATA5  METTL14  PDGFC  PLK2  PIK3R1  HAPLN1  FBXL17  ARHGAP26  FBXO38  N4BP3  CPLX2  TNFRSF21  DAAM2  TTBK1  TBC1D32  TIAM2  SDK1  EGFR  NLGN4X  TAF1  NTRK2  SHC3  ASTN2  SEC16A  NOTCH1  CDHR1  GLUD1  LRRC4C  TENM4  ST14  FEZ1  KIRREL3  VPS51  TBX6  DOC2A  TAOK2  ADGRL3  HNMT  THRB  EIF4E  SCLT1  DPYSL4  GFRA1  ASTN1  GRID2  UHMK1  SPOCK1  SPEF2  PRDM8  LGI2  BCL2L11  MERTK  NR4A2  ROBO4  NRGN  UCHL1  TNIK  SH3RF1  JAM2  ZFYVE27  RBM45  AFF2  KIF5A  NPTN  UNC5D  AIFM1  ATP2B2  LRP8  MMP14  KIT  DYRK1A  BRAF  WDR19  DZIP1L  FANCC  CLSTN2  CUL4B  NRG2  PPP1R9A  GDPD5  FGF17  SYNJ1  IGF2BP1  SIM2  ARHGAP35  CALM3  G6PD  DIP2A  SPTBN4  BRSK1  PLXDC1  RACGAP1  TBC1D24  SHANK2  DRAXIN  WNT4  GFI1  VCAM1  NCSTN  VANGL2  DISC1  PDLIM5  ERCC3  HIPK1  CCDC141  EOMES  HDAC11  NFASC  CLASP2  RYK  IFT122  PLXNB1  BSN  INTU  MFSD8  MST1R  PITX2  ADGRV1  CASP3  TENT2  PDSS2  TBX20  DAGLB  ELAPOR2  LMTK2  ADCY1  KIF27  ATP7A  FAT3  WRN  FRMD7  AK8  TSC1  RET  NSMF  CLMN  GABRB3  FRS2  DCHS1  PRTG  TMEM41B  MAP1A  RBFOX3  AXL  TRAPPC9  C2CD3  ULK4  SETD5  HOOK3  COL3A1  GFRA2  STAT3  SEMA4C  MAP2K1  MECP2  ROR2  SIN3A  ARL13B  SDC2  LUZP1  LDB2  RAC3  BTD  ROBO1  CTNND2  WNT10B  ITGAM  ALCAM  SMAD1  SEMA3E  DCLK2  PFKFB3  CDH2  IRX2  KIF5B  FEZ2  ALK  GRIK1  ZDHHC16  CHD7  MAP6  ENC1  BCL2  KNDC1  EIF2AK3  MBOAT1  ARNT2  ZNF24  FUT10  RARG  PHF8  RAPH1  DAG1  SMARCC1  CSPG4  BRSK2  SEZ6L2  ZIC4  FBXW8  TRAF6  UNC119B  ANAPC2  RIMS2  B3GNT5  GRIN1  MTHFR  RPS6KA3  ADAMTSL1  GAK  NRXN1  TH  ZNF609  PAK2  OXTR  PLAG1  ADGRB1  UNC5C  EXT1  BACE2  FES  CSF1R  EPHB3  SLC8A1  GPC6  GRIN2A  KREMEN1  SCN5A  DENND5A  CNTN2  PCDH9  SLIT3  MED12  JAG2  ROBO2  INPP5J  PRKN  GPRIN3  ROR1  LSAMP  AGBL4  THBS2  PCLO  FSCN2  TEAD1  SLIT1  EPOR  DCC  SLC38A3  INSC  LRRK2  RELN  PCDH18  BLOC1S2  IL1RAP  FAT4  SEMA4A  NTNG2  EPHB4  MME  HDAC2  SCN8A  PGAP1  ADARB1  KIF13B  SPG7  VPS13A  ZNF335  LPAR1  NTRK1  YTHDF2  SLC9A6  LDB1  PLXNB3  GRIN3A  ZNF521  OPA1  ARHGEF15  L1CAM  GIGYF2  GPRIN2  MACO1  BMPR2  MBD5  DISP3  VIT  CCDC85C  DPF3  TMX2  TENM3  PPP3R1  PLXNA4  ATAT1  SLC44A4  EFNA4  ETV5  TWF2  SHANK3  LYN  GRIN2B  SRCIN1  GLIS2  PRAG1  SMARCB1  NDE1  SCARF1  WNT9B  PLA2G10  MYT1  MBOAT7  CNTNAP2  TRAPPC4  LRP6  PTPRD  SMURF1  LLGL1  CCDC39  NRL  ADGRL1  ZSWIM4  CLSTN3"
0.0314908132676551,653,1668,1.11547261670372,"Movement of cell or subcellular component "," http://amigo.geneontology.org/amigo/term/GO:0006928"," ITGAL  ITGA3  ITGA2B  CACNA1G  ETV1  DNAH9  PAX6  RHBDF1  CDKL5  CD9  SEMA3G  NISCH  PRSS3  IGF1  ATP1A2  HGF  ZRANB1  SPAST  VIM  GRN  IFT88  MAP2K3  DEPDC1B  DAPK2  FLT4  CDH1  DNAH5  RIPOR1  RAB27B  USH2A  CTNNA1  HSPA5  DSG2  DTNBP1  KITLG  PIK3CB  LAMA3  KCNH2  PKP2  LAMC2  CAMK2B  ATP2B4  CCAR1  PTPRU  HDAC7  ELMO2  INTS13  SLC12A2  CNN2  PKN2  NTN1  ERBB3  PRKCQ  TIE1  ASPM  KIF26A  RHOA  NAV3  ROCK1  HDAC4  KIF2A  SPTB  AP3M2  CAMK2A  EPHA8  WDR1  STK10  FBXW11  CRMP1  SCARB1  GLI2  NOTCH3  SEMA3A  SEMA3C  CELSR1  ADD2  PLD1  PTPN23  GPC4  CAMSAP3  USP33  PAK3  ACTN2  FBLN1  MAP2  TNS1  OPHN1  CARMIL1  RFX3  KCNN2  PSEN1  MEF2C  SEMA5B  TNPO1  SSH1  GSTP1  IGSF9  CPNE3  FAT2  MYBPC2  NOX4  CASS4  ATRN  SLC8B1  CFAP61  ARHGAP4  SLC9A1  ZNF268  GLG1  KIF4A  OSBPL8  NRCAM  LAMB1  MYO15A  CD200  SEMA6A  TYRO3  HDAC6  SEMA4G  EFHC1  DSP  SIRT1  IFT74  JAK2  ABL1  SYDE2  HSD3B7  MISP  PATZ1  XBP1  TTLL1  PDGFB  MYH9  CACNA1I  RIN3  LGMN  HIF1A  RPS6KA5  TRIP11  MMP9  CD40  ZMYND8  PTK6  MYLK2  FERMT1  PAK5  KIF3B  JAG1  SMAD7  TIMP1  SRPX2  ARMCX3  TRADD  CORO1A  SMPD3  SLC7A6  SLC7A5  FBXO31  CEMIP  SPG11  FZD3  PLAT  CLIP3  TGFB1  MYH14  MEGF8  AVL9  PIK3CG  ITGB8  DNAH11  TTC26  MET  GRB10  WASL  GLI3  MEGF9  TGFBR1  DOCK8  DDX58  GATA3  ATRNL1  GBF1  SEPTIN4  KPNB1  PFN1  ABI3  COL1A1  ALOX12  RANGRF  SLC9A3R1  BST1  JHY  FOLR1  TSPAN11  BIN2  ATP5F1B  TRPV4  RSPH4A  MAK  CEP85L  SASH1  PPARD  MDGA1  CILK1  WASF1  GPLD1  PTK7  SRF  DUSP22  VEGFA  LAMA4  SEMA5A  KIF20A  SPARC  NUP155  FGF1  WWC1  DPYSL3  PDGFRB  UNC5A  BCL6  AMOTL2  WNT5A  FGF12  HES1  USP9Y  HYAL1  PLXNA1  PODXL2  DNAH1  PIKFYVE  ITGA4  GRB14  DNAH6  IL1R1  SOS1  TRAK2  EPHA4  MARK1  TNR  ASH1L  DOCK7  MIIP  GADD45A  KIF21B  F3  STK11  IFT46  KIF14  NRP2  KLF7  WDR35  SATB2  NR4A3  IFT43  TEK  LHX4  KIF18A  PIK3CA  CXCR4  WIPF3  GLIPR2  DNAI1  PLAU  IFT81  NCKAP1L  DBH  USP45  PLP1  TTC21B  AGO2  PREX1  ATP8A1  RREB1  EFNB2  KIF25  TNFSF14  FLRT3  MKKS  DSTN  KLC1  STAT5A  DLGAP5  DYNC2I1  KDR  PODXL  STRIP2  MYO1B  MYO5C  TTBK2  KNSTRN  PLD2  ATP1B2  KIF1A  BST2  ZSWIM6  TRPM4  CALY  LAMA5  ARHGEF16  PLXNA3  MPP1  SLC7A10  TTLL9  CAPN7  KIF3A  MAP1B  RAF1  PPARG  UNK  FLOT2  TERF2  RIN2  ATP1A4  POSTN  EPHB2  CHL1  PTPN22  NOTCH2  STK26  DSC2  PDGFRA  APC  ANXA1  AGTPBP1  P2RX4  EPHA7  PRR5L  ACVR1B  DYNC1LI2  SERPINE2  PLXNC1  LRCH1  EDNRB  LCP1  KIF12  ENPP2  KIAA0319  PRCP  SORL1  ITGA11  DUOX1  SEMA6D  SPTBN5  FNBP1L  EMILIN1  ARL3  KIF20B  ENPEP  EGF  CCDC65  ACVRL1  SORD  DUOX2  IGF1R  NTRK3  IQGAP1  NKD1  KATNB1  CDH13  MEAK7  OSGIN1  PDPK1  MYOCD  MINK1  CCDC40  CEP131  SMAD4  TNFRSF11A  GRB7  TRPM2  APP  NLRP12  EPHA2  KIF2C  CELSR2  ADCY10  SEMA6C  WDPCP  CNTN4  PTPRG  TMF1  LIMD1  SLIT2  PDGFC  PLK2  PIK3R1  ARHGAP18  GNA12  EGFR  CCDC25  DOCK5  NTRK2  SHC3  ASTN2  NOTCH1  PTPRJ  FEZ1  KIRREL3  TAOK2  ARID5B  ADGRL3  DLG2  DOCK1  DPYSL4  ADAM17  BICD1  GFRA1  ASTN1  MGAT5  SPOCK1  SPEF2  GPD1L  DNAI4  MERTK  PTPRR  NR4A2  CACNA2D1  DNAAF1  ROBO4  UCHL1  SH3RF1  JAM2  SPAG17  FMN2  RNF20  ELMO1  KIF5A  MCU  RPGR  NPTN  UNC5D  LRP8  PAXIP1  MMP14  CACNA1D  KIT  MYO1E  APPL1  LCA5L  BRAF  WDR19  RADIL  NRG2  DNAH3  DYNC1I1  F11R  FGF17  TNNI1  ACTC1  ADIPOR1  STARD9  DRC7  ACE  ARHGAP35  VAV2  CFAP157  SPTBN4  IL6R  FGFR4  RACGAP1  DRAXIN  PDPN  WNT4  VCAM1  NLRP3  DDR2  VANGL2  DISC1  CFAP221  ATP1A1  CCDC141  NFASC  CLASP2  CD200R1  ADAMTS9  ABHD6  RYK  FYCO1  CFAP100  IFT122  PRKCD  PLXNB1  MST1R  PITX2  RHOBTB3  TBX20  BMPER  COL1A2  SYK  KIF27  ATP7A  FAT3  CFL2  RET  NSMF  CACNB2  SPRED1  FRS2  DCHS1  PRTG  KIF7  SMAD3  MAP1A  PIP5KL1  MYO5B  AXL  ULK4  COL3A1  GFRA2  STAT3  LDLRAD4  SEMA4C  MAP2K1  MECP2  ROR2  ARL13B  SDC2  LDB2  ROBO1  ITGAM  MYO7B  ALCAM  SEMA3E  CDH2  SLC26A5  TTLL6  KIF5B  PDGFD  FEZ2  INSR  FUT3  KCND3  MCC  WIPF2  DNAI2  BCL2  CFAP53  RASGRP1  CYP7B1  MYD88  DAG1  PEAK1  TNFRSF10D  CSPG4  SCAI  STAT5B  SELP  KCTD13  KLC2  DES  ANO6  CD151  RIC8A  ADAMTSL1  GPC5  CDH5  MYADM  NRXN1  ZNF609  CFAP65  ADGRB1  UNC5C  EXT1  FES  CSF1R  EPHB3  SLC8A1  NEB  GPC6  CTNNA3  CCBE1  SCN5A  DNAH2  PRKX  CNTN2  SLIT3  ROBO2  AP3M1  SP1  YTHDF3  LAMP1  AGBL4  CFAP73  FSCN2  MITF  SLIT1  DCC  ENO4  FSIP2  TMEM201  LRRK2  RELN  BLOC1S2  MYBPC1  SPOCK3  SEMA4A  NTNG2  EPHB4  ADA  LAMB3  ADARB1  DPP4  PARVA  KIF13B  SPG7  PLCG2  VPS13A  IRAK4  LPAR1  MYL4  NTRK1  TCAF1  RYR2  LDB1  PLXNB3  OPA1  MAP3K3  L1CAM  NOS1AP  BMPR2  CFAP44  PLXNA4  CSNK2B  GPX1  EFNA4  LYN  PECAM1  PTPRC  SRCIN1  TNFRSF14  PRAG1  ALOX5  NDE1  HRAS  DACH1  KIF5C  CHGA  PLA2G10  MBOAT7  CCDC125  ABCC1  GFUS  MYO19  KIF15  BORCS5  KIF26B  DNAH10  ASAP3  CCDC39  RIPK3  TNNT3  ZSWIM4"
